﻿time,button,page,uid
1716636558983,viderPanier,userPanierPage,qMHVQGPKvNMdZLX8YnPH29ZYoyG3
1715067167694,buttonPayer,userPanierPage,914umpyeZkY5lglo8KGumeZWF002
1715281946268,addButtonContact,userPanierPage,914umpyeZkY5lglo8KGumeZWF002
1715628497795,buttonBottomOpenPanier,userPrestataireDetailPage,qMHVQGPKvNMdZLX8YnPH29ZYoyG3
1716055080853,buttonOpenSetting,userHomeScreenPageHeader,qMHVQGPKvNMdZLX8YnPH29ZYoyG3
1715957177368,buttonBottomOpenPanier,userPrestataireDetailPage,b6aunqCXt4RLfdmcQLxYZR1F6W33
1716649924193,buttonOpenSetting,userHomeScreenPageHeader,qMHVQGPKvNMdZLX8YnPH29ZYoyG3
1715785514282,buttonOpenPanier,userPrestataireDetailPageHeader,z5Vl3tUSRgalHfSho6JFNkpjxpn1
1715886088886,addButtonContact,userPanierPage,uAncaFrlwHdOlav3P7h4cAm3bMJ3
1715765670580,viderPanier,userPanierPage,914umpyeZkY5lglo8KGumeZWF002
1715957098133,buttonOpenNotification,userHomeScreenPageHeader,z5Vl3tUSRgalHfSho6JFNkpjxpn1
1714834244701,buttonOpenNotification,userHomeScreenPageHeader,qMHVQGPKvNMdZLX8YnPH29ZYoyG3
1717061882272,addBonAchat,userPrestataireDetailPage,X5pSoHXR7oa4XH90Mg3huDaWASt1
1715785602997,redirectionDanapay,userPanierPage,z5Vl3tUSRgalHfSho6JFNkpjxpn1
1716980470547,buttonBottomOpenPanier,userPrestataireDetailPage,8H4CV34KQHgrMj1DLy4J2NwlF5e2
1716904267111,addBonAchat,userPrestataireDetailPage,hA911Hr90KPbY6yO0OACx8tP2NE2
1715891571920,buttonOpenSetting,userHomeScreenPageHeader,z5Vl3tUSRgalHfSho6JFNkpjxpn1
1717101885009,buttonOpenSetting,userHomeScreenPageHeader,miy7809XCNhXj9Bv0VfPYXob3AD2
1716037078140,buttonPayer,userPanierPage,03HAO5vU6BOlF3NSeYVTzyRaJ6W2
1717503525321,buttonOpenSetting,userHomeScreenPageHeader,omfHlCaqhLN7VprUtxb6IsvPNcr2
1716743010381,buttonOpenPanier,userHomeScreenPageHeader,AkK9DilFPCOis7c5aImtHk8Ui5m1
1715353679812,buttonOpenPanier,userHomeScreenPageHeader,z5Vl3tUSRgalHfSho6JFNkpjxpn1
1715628424051,buttonBottomOpenPanier,userPrestataireDetailPage,qMHVQGPKvNMdZLX8YnPH29ZYoyG3
1715765648665,buttonOpenPanier,userPrestataireDetailPageHeader,914umpyeZkY5lglo8KGumeZWF002
1714830850108,buttonPayer,userPanierPage,qMHVQGPKvNMdZLX8YnPH29ZYoyG3
1716648150351,viderPanier,userPanierPage,qMHVQGPKvNMdZLX8YnPH29ZYoyG3
1717944036159,buttonPayer,userPanierPage,g1Os1DQ1U9UxVfYBnLKIl03XTEm2
1715764945732,buttonPayer,userPanierPage,914umpyeZkY5lglo8KGumeZWF002
1716629927589,buttonOpenSetting,userHomeScreenPageHeader,qMHVQGPKvNMdZLX8YnPH29ZYoyG3
1715708739282,buttonOpenSetting,userHomeScreenPageHeader,qMHVQGPKvNMdZLX8YnPH29ZYoyG3
1714827729381,buttonOpenPanier,userPrestataireDetailPageHeader,914umpyeZkY5lglo8KGumeZWF002
1714834581256,buttonOpenNotification,userHomeScreenPageHeader,z5Vl3tUSRgalHfSho6JFNkpjxpn1
1716132880533,buttonOpenPanier,userPrestataireDetailPageHeader,qMHVQGPKvNMdZLX8YnPH29ZYoyG3
1714827952295,buttonOpenNotification,userHomeScreenPageHeader,z5Vl3tUSRgalHfSho6JFNkpjxpn1
1716129205219,viderPanier,userPanierPage,qMHVQGPKvNMdZLX8YnPH29ZYoyG3
1716636979187,buttonOpenSetting,userHomeScreenPageHeader,qMHVQGPKvNMdZLX8YnPH29ZYoyG3
1715540107580,buttonOpenPanier,userHomeScreenPageHeader,qMHVQGPKvNMdZLX8YnPH29ZYoyG3
1715765677123,buttonOpenPanier,userPrestataireDetailPageHeader,914umpyeZkY5lglo8KGumeZWF002
1715788830969,buttonOpenPanier,userPrestataireDetailPageHeader,z5Vl3tUSRgalHfSho6JFNkpjxpn1
1717101843828,buttonOpenNotification,userHomeScreenPageHeader,miy7809XCNhXj9Bv0VfPYXob3AD2
1715432215137,addButtonContact,userPanierPage,914umpyeZkY5lglo8KGumeZWF002
1715955035885,buttonOpenSetting,userHomeScreenPageHeader,uAncaFrlwHdOlav3P7h4cAm3bMJ3
1715785238113,buttonOpenNotification,userHomeScreenPageHeader,z5Vl3tUSRgalHfSho6JFNkpjxpn1
1715927030868,buttonOpenNotification,userHomeScreenPageHeader,z5Vl3tUSRgalHfSho6JFNkpjxpn1
1715886534050,addBonAchat,userPrestataireDetailPage,z5Vl3tUSRgalHfSho6JFNkpjxpn1
1716117386868,viderPanier,userPanierPage,qMHVQGPKvNMdZLX8YnPH29ZYoyG3
1716534655180,buttonOpenNotification,userHomeScreenPageHeader,NaPJhyyglGO5W5en9C6P4BoUXof2
1714829669224,viderPanier,userPanierPage,qMHVQGPKvNMdZLX8YnPH29ZYoyG3
1717834505421,buttonOpenNotification,userHomeScreenPageHeader,z5Vl3tUSRgalHfSho6JFNkpjxpn1
1715281944287,buttonOpenPanier,userPrestataireDetailPageHeader,914umpyeZkY5lglo8KGumeZWF002
1715886678935,buttonOpenNotification,userHomeScreenPageHeader,z5Vl3tUSRgalHfSho6JFNkpjxpn1
1716137783142,viderPanier,userPanierPage,qMHVQGPKvNMdZLX8YnPH29ZYoyG3
1715277022905,addButtonContact,userPanierPage,914umpyeZkY5lglo8KGumeZWF002
1715886050904,buttonBottomOpenPanier,userPrestataireDetailPage,z5Vl3tUSRgalHfSho6JFNkpjxpn1
1715279467458,addButtonContact,userPanierPage,914umpyeZkY5lglo8KGumeZWF002
1715278528750,addButtonContact,userPanierPage,914umpyeZkY5lglo8KGumeZWF002
1715890337699,buttonOpenSetting,userHomeScreenPageHeader,uAncaFrlwHdOlav3P7h4cAm3bMJ3
1716045967710,viderPanier,userPanierPage,qMHVQGPKvNMdZLX8YnPH29ZYoyG3
1717338107960,addBonAchat,userPrestataireDetailPage,2MQXbrefhTbyejpLcfrEkn01rSz1
1715538781039,buttonOpenPanier,userPrestataireDetailPageHeader,qMHVQGPKvNMdZLX8YnPH29ZYoyG3
1715785569669,addBonAchat,userPrestataireDetailPage,z5Vl3tUSRgalHfSho6JFNkpjxpn1
1714832186262,redirectionDanapay,userPanierPage,z5Vl3tUSRgalHfSho6JFNkpjxpn1
1715787499373,buttonOpenNotification,userHomeScreenPageHeader,z5Vl3tUSRgalHfSho6JFNkpjxpn1
1715275062146,addButtonContact,userPanierPage,914umpyeZkY5lglo8KGumeZWF002
1716035138971,addButtonContact,userPanierPage,qMHVQGPKvNMdZLX8YnPH29ZYoyG3
1716136272980,addBonAchat,userPrestataireDetailPage,qMHVQGPKvNMdZLX8YnPH29ZYoyG3
1716628540198,buttonOpenPanier,userPrestataireDetailPageHeader,b6aunqCXt4RLfdmcQLxYZR1F6W33
1716027847678,buttonPayer,userPanierPage,z5Vl3tUSRgalHfSho6JFNkpjxpn1
1714832288817,buttonOpenSetting,userHomeScreenPageHeader,qMHVQGPKvNMdZLX8YnPH29ZYoyG3
1716041103617,buttonOpenSetting,userHomeScreenPageHeader,qMHVQGPKvNMdZLX8YnPH29ZYoyG3
1716045063558,buttonOpenSetting,userHomeScreenPageHeader,z5Vl3tUSRgalHfSho6JFNkpjxpn1
1714830963819,buttonOpenPanier,userHomeScreenPageHeader,qMHVQGPKvNMdZLX8YnPH29ZYoyG3
1715764837979,buttonOpenPanier,userHomeScreenPageHeader,914umpyeZkY5lglo8KGumeZWF002
1714833543559,addBonAchat,userPrestataireDetailPage,914umpyeZkY5lglo8KGumeZWF002
1716129156903,buttonOpenPanier,userPrestataireDetailPageHeader,qMHVQGPKvNMdZLX8YnPH29ZYoyG3
1717494605240,buttonBottomOpenPanier,userPrestataireDetailPage,r4uAkw35sxMJVTxx21DUWW4P5HB3
1716648104317,buttonOpenPanier,userPrestataireDetailPageHeader,qMHVQGPKvNMdZLX8YnPH29ZYoyG3
1714833568180,buttonOpenNotification,userHomeScreenPageHeader,z5Vl3tUSRgalHfSho6JFNkpjxpn1
1714828387717,buttonBottomOpenPanier,userPrestataireDetailPage,qMHVQGPKvNMdZLX8YnPH29ZYoyG3
1716648072994,viderPanier,userPanierPage,qMHVQGPKvNMdZLX8YnPH29ZYoyG3
1714835644367,buttonOpenNotification,userHomeScreenPageHeader,z5Vl3tUSRgalHfSho6JFNkpjxpn1
1717346822758,buttonOpenSetting,userHomeScreenPageHeader,CK6EheHcv2PNn2KXemVclQmzlBP2
1715963449965,redirectionDanapay,userPanierPage,z5Vl3tUSRgalHfSho6JFNkpjxpn1
1717243093737,redirectionDanapay,userPanierPage,z5Vl3tUSRgalHfSho6JFNkpjxpn1
1715103302625,viderPanier,userPanierPage,qMHVQGPKvNMdZLX8YnPH29ZYoyG3
1715791844492,buttonOpenNotification,userHomeScreenPageHeader,z5Vl3tUSRgalHfSho6JFNkpjxpn1
1716634858510,buttonOpenPanier,userPrestataireDetailPageHeader,qMHVQGPKvNMdZLX8YnPH29ZYoyG3
1716106117708,buttonOpenSetting,userHomeScreenPageHeader,qMHVQGPKvNMdZLX8YnPH29ZYoyG3
1716056617936,buttonOpenSetting,userHomeScreenPageHeader,qMHVQGPKvNMdZLX8YnPH29ZYoyG3
1715764445004,viderPanier,userPanierPage,914umpyeZkY5lglo8KGumeZWF002
1715167275504,addButtonContact,userPanierPage,914umpyeZkY5lglo8KGumeZWF002
1716630495232,buttonOpenSetting,userHomeScreenPageHeader,qMHVQGPKvNMdZLX8YnPH29ZYoyG3
1715886122820,buttonPayer,userPanierPage,uAncaFrlwHdOlav3P7h4cAm3bMJ3
1716646732073,buttonOpenPanier,userPrestataireDetailPageHeader,qMHVQGPKvNMdZLX8YnPH29ZYoyG3
1715356207210,buttonBottomOpenPanier,userPrestataireDetailPage,z5Vl3tUSRgalHfSho6JFNkpjxpn1
1715281768833,addButtonContact,userPanierPage,914umpyeZkY5lglo8KGumeZWF002
1716027842126,buttonOpenPanier,userPrestataireDetailPageHeader,z5Vl3tUSRgalHfSho6JFNkpjxpn1
1716178548996,buttonOpenSetting,userHomeScreenPageHeader,pEezqCBcnYggWksfwA86n2weRJG3
1716636502468,addBonAchat,userPrestataireDetailPage,qMHVQGPKvNMdZLX8YnPH29ZYoyG3
1715628435730,addButtonContact,userPanierPage,qMHVQGPKvNMdZLX8YnPH29ZYoyG3
1714726762363,buttonOpenSetting,userHomeScreenPageHeader,z5Vl3tUSRgalHfSho6JFNkpjxpn1
1714832101648,buttonOpenPanier,userHomeScreenPageHeader,z5Vl3tUSRgalHfSho6JFNkpjxpn1
1716128583202,buttonOpenPanier,userPrestataireDetailPageHeader,qMHVQGPKvNMdZLX8YnPH29ZYoyG3
1716142123387,buttonOpenSetting,userHomeScreenPageHeader,qMHVQGPKvNMdZLX8YnPH29ZYoyG3
1715963338862,addBonAchat,userPrestataireDetailPage,z5Vl3tUSRgalHfSho6JFNkpjxpn1
1717080708372,buttonPayer,userPanierPage,8H4CV34KQHgrMj1DLy4J2NwlF5e2
1714830216201,buttonOpenSetting,userHomeScreenPageHeader,914umpyeZkY5lglo8KGumeZWF002
1716035579047,viderPanier,userPanierPage,qMHVQGPKvNMdZLX8YnPH29ZYoyG3
1716128693987,viderPanier,userPanierPage,qMHVQGPKvNMdZLX8YnPH29ZYoyG3
1716041522271,addBonAchat,userPrestataireDetailPage,87e8FtLhawXUWZ2rR1FXpBZ2Mtz2
1717906372525,buttonOpenPanier,userPrestataireDetailPageHeader,87e8FtLhawXUWZ2rR1FXpBZ2Mtz2
1714828715276,buttonOpenNotification,userHomeScreenPageHeader,qMHVQGPKvNMdZLX8YnPH29ZYoyG3
1715432045740,addButtonContact,userPanierPage,914umpyeZkY5lglo8KGumeZWF002
1717774347342,buttonOpenNotification,userHomeScreenPageHeader,z5Vl3tUSRgalHfSho6JFNkpjxpn1
1715165055641,addButtonContact,userPanierPage,914umpyeZkY5lglo8KGumeZWF002
1714830336030,buttonOpenPanier,userPrestataireDetailPageHeader,qMHVQGPKvNMdZLX8YnPH29ZYoyG3
1715764653743,buttonOpenPanier,userPrestataireDetailPageHeader,914umpyeZkY5lglo8KGumeZWF002
1715963445704,buttonPayer,userPanierPage,z5Vl3tUSRgalHfSho6JFNkpjxpn1
1715766273100,buttonOpenSetting,userHomeScreenPageHeader,914umpyeZkY5lglo8KGumeZWF002
1715955809349,buttonOpenSetting,userHomeScreenPageHeader,b6aunqCXt4RLfdmcQLxYZR1F6W33
1715955337903,buttonOpenSetting,userHomeScreenPageHeader,uAncaFrlwHdOlav3P7h4cAm3bMJ3
1715708954483,buttonOpenSetting,userHomeScreenPageHeader,z5Vl3tUSRgalHfSho6JFNkpjxpn1
1715536165006,buttonOpenSetting,userHomeScreenPageHeader,z5Vl3tUSRgalHfSho6JFNkpjxpn1
1715886151603,buttonPayer,userPanierPage,uAncaFrlwHdOlav3P7h4cAm3bMJ3
1716466151859,addBonAchat,userPrestataireDetailPage,axYHQ2yjnTdwLf6R7eP5LKm82Y53
1715945540968,buttonOpenNotification,userHomeScreenPageHeader,z5Vl3tUSRgalHfSho6JFNkpjxpn1
1714828299530,buttonBottomOpenPanier,userPrestataireDetailPage,qMHVQGPKvNMdZLX8YnPH29ZYoyG3
1715628566049,addButtonContact,userPanierPage,qMHVQGPKvNMdZLX8YnPH29ZYoyG3
1716628466621,buttonOpenSetting,userHomeScreenPageHeader,qMHVQGPKvNMdZLX8YnPH29ZYoyG3
1716042674594,buttonOpenSetting,userHomeScreenPageHeader,qMHVQGPKvNMdZLX8YnPH29ZYoyG3
1716030796842,viderPanier,userPanierPage,z5Vl3tUSRgalHfSho6JFNkpjxpn1
1716116464038,buttonOpenPanier,userHomeScreenPageHeader,qMHVQGPKvNMdZLX8YnPH29ZYoyG3
1716030800239,buttonOpenSetting,userHomeScreenPageHeader,z5Vl3tUSRgalHfSho6JFNkpjxpn1
1715354417021,addButtonContact,userPanierPage,z5Vl3tUSRgalHfSho6JFNkpjxpn1
1715354505065,viderPanier,userPanierPage,z5Vl3tUSRgalHfSho6JFNkpjxpn1
1716644819044,buttonOpenSetting,userHomeScreenPageHeader,qMHVQGPKvNMdZLX8YnPH29ZYoyG3
1716127013844,viderPanier,userPanierPage,qMHVQGPKvNMdZLX8YnPH29ZYoyG3
1717080679074,buttonPayer,userPanierPage,8H4CV34KQHgrMj1DLy4J2NwlF5e2
1716115739223,buttonOpenPanier,userPrestataireDetailPageHeader,qMHVQGPKvNMdZLX8YnPH29ZYoyG3
1715849144415,addButtonContact,userPanierPage,SF41IxDyM4RSbTEsLNV1TP7JhdE2
1714827795715,buttonPayer,userPanierPage,914umpyeZkY5lglo8KGumeZWF002
1715354112173,addButtonContact,userPanierPage,z5Vl3tUSRgalHfSho6JFNkpjxpn1
1716035597292,buttonOpenSetting,userHomeScreenPageHeader,qMHVQGPKvNMdZLX8YnPH29ZYoyG3
1715102163819,buttonOpenPanier,userHomeScreenPageHeader,qMHVQGPKvNMdZLX8YnPH29ZYoyG3
1715957171342,addBonAchat,userPrestataireDetailPage,b6aunqCXt4RLfdmcQLxYZR1F6W33
1717422530121,buttonOpenSetting,userHomeScreenPageHeader,xd90PSoHbugHnzRD3eqHotP076X2
1715951345409,buttonOpenPanier,userHomeScreenPageHeader,z5Vl3tUSRgalHfSho6JFNkpjxpn1
1715101663781,addButtonContact,userPanierPage,qMHVQGPKvNMdZLX8YnPH29ZYoyG3
1715875161952,addBonAchat,userPrestataireDetailPage,hA911Hr90KPbY6yO0OACx8tP2NE2
1716474357654,buttonPayer,userPanierPage,O2XVZMacTGYqtKj6BTP6oJPX9cq2
1716136334296,viderPanier,userPanierPage,qMHVQGPKvNMdZLX8YnPH29ZYoyG3
1716811299739,buttonOpenSetting,userHomeScreenPageHeader,g1Os1DQ1U9UxVfYBnLKIl03XTEm2
1716027156066,redirectionDanapay,userPanierPage,z5Vl3tUSRgalHfSho6JFNkpjxpn1
1716041536054,buttonOpenPanier,userPrestataireDetailPageHeader,87e8FtLhawXUWZ2rR1FXpBZ2Mtz2
1715538822828,addButtonContact,userPanierPage,qMHVQGPKvNMdZLX8YnPH29ZYoyG3
1717243089795,buttonPayer,userPanierPage,z5Vl3tUSRgalHfSho6JFNkpjxpn1
1716116378784,buttonOpenSetting,userHomeScreenPageHeader,qMHVQGPKvNMdZLX8YnPH29ZYoyG3
1714833511549,buttonOpenNotification,userHomeScreenPageHeader,z5Vl3tUSRgalHfSho6JFNkpjxpn1
1716643042733,viderPanier,userPanierPage,qMHVQGPKvNMdZLX8YnPH29ZYoyG3
1715275059074,buttonOpenPanier,userPrestataireDetailPageHeader,914umpyeZkY5lglo8KGumeZWF002
1716027707078,buttonOpenNotification,userHomeScreenPageHeader,z5Vl3tUSRgalHfSho6JFNkpjxpn1
1715354340910,addButtonContact,userPanierPage,z5Vl3tUSRgalHfSho6JFNkpjxpn1
1715764469638,buttonOpenPanier,userPrestataireDetailPageHeader,914umpyeZkY5lglo8KGumeZWF002
1715859216240,buttonOpenSetting,userHomeScreenPageHeader,qMHVQGPKvNMdZLX8YnPH29ZYoyG3
1714831853531,buttonOpenPanier,userHomeScreenPageHeader,z5Vl3tUSRgalHfSho6JFNkpjxpn1
1714724492907,buttonOpenSetting,userHomeScreenPageHeader,z5Vl3tUSRgalHfSho6JFNkpjxpn1
1716056538277,addBonAchat,userPrestataireDetailPage,qMHVQGPKvNMdZLX8YnPH29ZYoyG3
1715863566300,buttonOpenPanier,userPrestataireDetailPageHeader,qMHVQGPKvNMdZLX8YnPH29ZYoyG3
1716027143607,buttonBottomOpenPanier,userPrestataireDetailPage,z5Vl3tUSRgalHfSho6JFNkpjxpn1
1716638652742,buttonOpenPanier,userPrestataireDetailPageHeader,qMHVQGPKvNMdZLX8YnPH29ZYoyG3
1717352275162,buttonOpenSetting,userHomeScreenPageHeader,2Dnk3xqJF6NF4ZJWcA7f2zrlnO13
1716028016215,addBonAchat,userPrestataireDetailPage,z5Vl3tUSRgalHfSho6JFNkpjxpn1
1716142030096,viderPanier,userPanierPage,qMHVQGPKvNMdZLX8YnPH29ZYoyG3
1716904301660,buttonPayer,userPanierPage,hA911Hr90KPbY6yO0OACx8tP2NE2
1717080661913,buttonPayer,userPanierPage,8H4CV34KQHgrMj1DLy4J2NwlF5e2
1716027938700,buttonOpenNotification,userHomeScreenPageHeader,z5Vl3tUSRgalHfSho6JFNkpjxpn1
1715278854278,buttonOpenPanier,userPrestataireDetailPageHeader,914umpyeZkY5lglo8KGumeZWF002
1717243070097,buttonOpenPanier,userPrestataireDetailPageHeader,z5Vl3tUSRgalHfSho6JFNkpjxpn1
1715278504617,buttonOpenPanier,userPrestataireDetailPageHeader,914umpyeZkY5lglo8KGumeZWF002
1717944012009,buttonOpenPanier,userPrestataireDetailPageHeader,g1Os1DQ1U9UxVfYBnLKIl03XTEm2
1715170512561,addButtonContact,userPanierPage,914umpyeZkY5lglo8KGumeZWF002
1716028031196,addButtonContact,userPanierPage,z5Vl3tUSRgalHfSho6JFNkpjxpn1
1715628562220,buttonOpenPanier,userHomeScreenPageHeader,qMHVQGPKvNMdZLX8YnPH29ZYoyG3
1715764882180,buttonOpenPanier,userPrestataireDetailPageHeader,914umpyeZkY5lglo8KGumeZWF002
1714828532565,redirectionDanapay,userPanierPage,qMHVQGPKvNMdZLX8YnPH29ZYoyG3
1714826881197,buttonOpenPanier,userHomeScreenPageHeader,914umpyeZkY5lglo8KGumeZWF002
1715166584953,addButtonContact,userPanierPage,914umpyeZkY5lglo8KGumeZWF002
1716474302251,buttonOpenPanier,userPrestataireDetailPageHeader,O2XVZMacTGYqtKj6BTP6oJPX9cq2
1716742780428,buttonOpenSetting,userHomeScreenPageHeader,AkK9DilFPCOis7c5aImtHk8Ui5m1
1716031745412,buttonOpenSetting,userHomeScreenPageHeader,xgDgsGLYg7UttGQHjZ1cYneETio1
1716631514629,buttonOpenPanier,userPrestataireDetailPageHeader,qMHVQGPKvNMdZLX8YnPH29ZYoyG3
1716743733086,buttonOpenSetting,userHomeScreenPageHeader,AkK9DilFPCOis7c5aImtHk8Ui5m1
1715849165629,buttonOpenPanier,userPrestataireDetailPageHeader,SF41IxDyM4RSbTEsLNV1TP7JhdE2
1716035289451,viderPanier,userPanierPage,qMHVQGPKvNMdZLX8YnPH29ZYoyG3
1715352158336,buttonOpenSetting,userHomeScreenPageHeader,z5Vl3tUSRgalHfSho6JFNkpjxpn1
1715886550469,buttonBottomOpenPanier,userPrestataireDetailPage,z5Vl3tUSRgalHfSho6JFNkpjxpn1
1716641438113,viderPanier,userPanierPage,qMHVQGPKvNMdZLX8YnPH29ZYoyG3
1716137724661,buttonOpenPanier,userPrestataireDetailPageHeader,qMHVQGPKvNMdZLX8YnPH29ZYoyG3
1714834208747,buttonOpenNotification,userHomeScreenPageHeader,qMHVQGPKvNMdZLX8YnPH29ZYoyG3
1715540110348,viderPanier,userPanierPage,qMHVQGPKvNMdZLX8YnPH29ZYoyG3
1716027130618,addBonAchat,userPrestataireDetailPage,z5Vl3tUSRgalHfSho6JFNkpjxpn1
1717080622986,addBonAchat,userPrestataireDetailPage,8H4CV34KQHgrMj1DLy4J2NwlF5e2
1715926769573,buttonOpenSetting,userHomeScreenPageHeader,SF41IxDyM4RSbTEsLNV1TP7JhdE2
1714831266938,buttonOpenSetting,userHomeScreenPageHeader,z5Vl3tUSRgalHfSho6JFNkpjxpn1
1716041094155,viderPanier,userPanierPage,qMHVQGPKvNMdZLX8YnPH29ZYoyG3
1714832040849,addButtonContact,userPanierPage,z5Vl3tUSRgalHfSho6JFNkpjxpn1
1716646675341,buttonOpenSetting,userHomeScreenPageHeader,qMHVQGPKvNMdZLX8YnPH29ZYoyG3
1716028056340,buttonPayer,userPanierPage,z5Vl3tUSRgalHfSho6JFNkpjxpn1
1716115067149,viderPanier,userPanierPage,qMHVQGPKvNMdZLX8YnPH29ZYoyG3
1715957099890,buttonOpenSetting,userHomeScreenPageHeader,z5Vl3tUSRgalHfSho6JFNkpjxpn1
1716029869760,buttonOpenSetting,userHomeScreenPageHeader,914umpyeZkY5lglo8KGumeZWF002
1717346748738,buttonOpenSetting,userHomeScreenPageHeader,CK6EheHcv2PNn2KXemVclQmzlBP2
1715279014049,addButtonContact,userPanierPage,914umpyeZkY5lglo8KGumeZWF002
1715431123931,buttonOpenPanier,userPrestataireDetailPageHeader,914umpyeZkY5lglo8KGumeZWF002
1716649866464,buttonOpenSetting,userHomeScreenPageHeader,qMHVQGPKvNMdZLX8YnPH29ZYoyG3
1717774616415,addBonAchat,userPrestataireDetailPage,z5Vl3tUSRgalHfSho6JFNkpjxpn1
1715538898718,addButtonContact,userPanierPage,qMHVQGPKvNMdZLX8YnPH29ZYoyG3
1715279466173,buttonOpenPanier,userHomeScreenPageHeader,914umpyeZkY5lglo8KGumeZWF002
1715763270185,buttonOpenSetting,userHomeScreenPageHeader,z5Vl3tUSRgalHfSho6JFNkpjxpn1
1715099890021,viderPanier,userPanierPage,qMHVQGPKvNMdZLX8YnPH29ZYoyG3
1716474360962,viderPanier,userPanierPage,O2XVZMacTGYqtKj6BTP6oJPX9cq2
1716637720094,viderPanier,userPanierPage,qMHVQGPKvNMdZLX8YnPH29ZYoyG3
1715784792194,buttonOpenNotification,userHomeScreenPageHeader,z5Vl3tUSRgalHfSho6JFNkpjxpn1
1715431320087,buttonOpenPanier,userHomeScreenPageHeader,914umpyeZkY5lglo8KGumeZWF002
1714839128897,buttonOpenNotification,userHomeScreenPageHeader,qMHVQGPKvNMdZLX8YnPH29ZYoyG3
1717243347781,buttonOpenPanier,userPrestataireDetailPageHeader,z5Vl3tUSRgalHfSho6JFNkpjxpn1
1716128569710,viderPanier,userPanierPage,z5Vl3tUSRgalHfSho6JFNkpjxpn1
1715788817949,addBonAchat,userPrestataireDetailPage,z5Vl3tUSRgalHfSho6JFNkpjxpn1
1715276942462,addButtonContact,userPanierPage,914umpyeZkY5lglo8KGumeZWF002
1715764896249,viderPanier,userPanierPage,914umpyeZkY5lglo8KGumeZWF002
1715170480289,addButtonContact,userPanierPage,914umpyeZkY5lglo8KGumeZWF002
1715167095350,addButtonContact,userPanierPage,914umpyeZkY5lglo8KGumeZWF002
1716035785039,addButtonContact,userPanierPage,jkChc1Rrx9cuUyCM1LDJPS3Rl9h2
1715628499397,addButtonContact,userPanierPage,qMHVQGPKvNMdZLX8YnPH29ZYoyG3
1716132493601,buttonOpenPanier,userPrestataireDetailPageHeader,qMHVQGPKvNMdZLX8YnPH29ZYoyG3
1716629917727,viderPanier,userPanierPage,qMHVQGPKvNMdZLX8YnPH29ZYoyG3
1716037036464,buttonPayer,userPanierPage,03HAO5vU6BOlF3NSeYVTzyRaJ6W2
1715353995216,buttonOpenPanier,userHomeScreenPageHeader,z5Vl3tUSRgalHfSho6JFNkpjxpn1
1714833188262,addButtonContact,userPanierPage,z5Vl3tUSRgalHfSho6JFNkpjxpn1
1715955741269,addButtonContact,userPanierPage,b6aunqCXt4RLfdmcQLxYZR1F6W33
1715356255797,viderPanier,userPanierPage,z5Vl3tUSRgalHfSho6JFNkpjxpn1
,,,
1716640107843,buttonOpenSetting,userHomeScreenPageHeader,qMHVQGPKvNMdZLX8YnPH29ZYoyG3
1715354413198,buttonOpenPanier,userPrestataireDetailPageHeader,z5Vl3tUSRgalHfSho6JFNkpjxpn1
1715788897180,buttonOpenNotification,userHomeScreenPageHeader,z5Vl3tUSRgalHfSho6JFNkpjxpn1
1716474278556,addBonAchat,userPrestataireDetailPage,O2XVZMacTGYqtKj6BTP6oJPX9cq2
1716035537144,buttonOpenPanier,userPrestataireDetailPageHeader,qMHVQGPKvNMdZLX8YnPH29ZYoyG3
1717494624621,addButtonContact,userPanierPage,r4uAkw35sxMJVTxx21DUWW4P5HB3
1714828317778,addButtonContact,userPanierPage,qMHVQGPKvNMdZLX8YnPH29ZYoyG3
1716031720573,buttonOpenSetting,userHomeScreenPageHeader,z5Vl3tUSRgalHfSho6JFNkpjxpn1
1716037087224,buttonPayer,userPanierPage,03HAO5vU6BOlF3NSeYVTzyRaJ6W2
1715963433278,buttonBottomOpenPanier,userPrestataireDetailPage,z5Vl3tUSRgalHfSho6JFNkpjxpn1
1715957191643,buttonPayer,userPanierPage,b6aunqCXt4RLfdmcQLxYZR1F6W33
1714828370705,viderPanier,userPanierPage,qMHVQGPKvNMdZLX8YnPH29ZYoyG3
1715785529477,redirectionDanapay,userPanierPage,z5Vl3tUSRgalHfSho6JFNkpjxpn1
1714829325222,buttonOpenSetting,userHomeScreenPageHeader,qMHVQGPKvNMdZLX8YnPH29ZYoyG3
1714833236847,redirectionDanapay,userPanierPage,z5Vl3tUSRgalHfSho6JFNkpjxpn1
1715709052453,buttonOpenSetting,userHomeScreenPageHeader,qMHVQGPKvNMdZLX8YnPH29ZYoyG3
1717774839540,buttonOpenSetting,userHomeScreenPageHeader,qMHVQGPKvNMdZLX8YnPH29ZYoyG3
1717080686051,buttonPayer,userPanierPage,8H4CV34KQHgrMj1DLy4J2NwlF5e2
1717352411923,buttonOpenSetting,userHomeScreenPageHeader,2Dnk3xqJF6NF4ZJWcA7f2zrlnO13
1716031723208,buttonOpenSetting,userHomeScreenPageHeader,z5Vl3tUSRgalHfSho6JFNkpjxpn1
1716027074223,buttonOpenNotification,userHomeScreenPageHeader,z5Vl3tUSRgalHfSho6JFNkpjxpn1
1717080653950,buttonPayer,userPanierPage,8H4CV34KQHgrMj1DLy4J2NwlF5e2
1715796069434,redirectionDanapay,userPanierPage,z5Vl3tUSRgalHfSho6JFNkpjxpn1
1716121575526,buttonPayer,userPanierPage,z5Vl3tUSRgalHfSho6JFNkpjxpn1
1715066790495,addButtonContact,userPanierPage,914umpyeZkY5lglo8KGumeZWF002
1716035691943,addBonAchat,userPrestataireDetailPage,jkChc1Rrx9cuUyCM1LDJPS3Rl9h2
1715431640650,addButtonContact,userPanierPage,914umpyeZkY5lglo8KGumeZWF002
1715709279798,buttonOpenSetting,userHomeScreenPageHeader,qMHVQGPKvNMdZLX8YnPH29ZYoyG3
1716642978071,buttonOpenPanier,userPrestataireDetailPageHeader,qMHVQGPKvNMdZLX8YnPH29ZYoyG3
1715942008450,buttonOpenNotification,userHomeScreenPageHeader,z5Vl3tUSRgalHfSho6JFNkpjxpn1
1715354401260,addBonAchat,userPrestataireDetailPage,z5Vl3tUSRgalHfSho6JFNkpjxpn1
1714826394654,buttonOpenPanier,userHomeScreenPageHeader,z5Vl3tUSRgalHfSho6JFNkpjxpn1
1715539997436,addButtonContact,userPanierPage,qMHVQGPKvNMdZLX8YnPH29ZYoyG3
1716045979672,buttonOpenSetting,userHomeScreenPageHeader,qMHVQGPKvNMdZLX8YnPH29ZYoyG3
1715167235708,addButtonContact,userPanierPage,914umpyeZkY5lglo8KGumeZWF002
1717774628777,buttonBottomOpenPanier,userPrestataireDetailPage,z5Vl3tUSRgalHfSho6JFNkpjxpn1
1716208067097,buttonOpenNotification,userHomeScreenPageHeader,ldBmjwfJ4nao6I0c3QkSWVyxInC3
1714826421455,addButtonContact,userPanierPage,z5Vl3tUSRgalHfSho6JFNkpjxpn1
1715764477167,buttonOpenPanier,userPrestataireDetailPageHeader,914umpyeZkY5lglo8KGumeZWF002
1714835715320,buttonOpenNotification,userHomeScreenPageHeader,z5Vl3tUSRgalHfSho6JFNkpjxpn1
1717102265022,buttonOpenSetting,userHomeScreenPageHeader,miy7809XCNhXj9Bv0VfPYXob3AD2
1716030766170,addBonAchat,userPrestataireDetailPage,z5Vl3tUSRgalHfSho6JFNkpjxpn1
1715886566533,redirectionDanapay,userPanierPage,z5Vl3tUSRgalHfSho6JFNkpjxpn1
1714828138044,buttonOpenNotification,userHomeScreenPageHeader,z5Vl3tUSRgalHfSho6JFNkpjxpn1
1716056610023,viderPanier,userPanierPage,qMHVQGPKvNMdZLX8YnPH29ZYoyG3
1716116466805,viderPanier,userPanierPage,qMHVQGPKvNMdZLX8YnPH29ZYoyG3
1716133989639,buttonOpenPanier,userPrestataireDetailPageHeader,qMHVQGPKvNMdZLX8YnPH29ZYoyG3
1716117419440,buttonOpenSetting,userHomeScreenPageHeader,qMHVQGPKvNMdZLX8YnPH29ZYoyG3
1716067345987,addBonAchat,userPrestataireDetailPage,yK8bHykMuPg4KqJof3jeuMI7Dn72
1714827788849,buttonPayer,userPanierPage,914umpyeZkY5lglo8KGumeZWF002
1715066907531,buttonPayer,userPanierPage,914umpyeZkY5lglo8KGumeZWF002
1714828443800,showCodePromo,userPanierPage,qMHVQGPKvNMdZLX8YnPH29ZYoyG3
1716773210633,buttonOpenSetting,userHomeScreenPageHeader,g1Os1DQ1U9UxVfYBnLKIl03XTEm2
1716637649715,addBonAchat,userPanierPage,qMHVQGPKvNMdZLX8YnPH29ZYoyG3
1715278861545,addButtonContact,userPanierPage,914umpyeZkY5lglo8KGumeZWF002
1716035548477,addButtonContact,userPanierPage,qMHVQGPKvNMdZLX8YnPH29ZYoyG3
1716037914170,buttonOpenSetting,userHomeScreenPageHeader,z5Vl3tUSRgalHfSho6JFNkpjxpn1
1716141965195,buttonOpenPanier,userPrestataireDetailPageHeader,qMHVQGPKvNMdZLX8YnPH29ZYoyG3
1715431178334,addButtonContact,userPanierPage,914umpyeZkY5lglo8KGumeZWF002
1716634765793,buttonOpenPanier,userHomeScreenPageHeader,qMHVQGPKvNMdZLX8YnPH29ZYoyG3
1716139337017,buttonOpenSetting,userHomeScreenPageHeader,qMHVQGPKvNMdZLX8YnPH29ZYoyG3
1714833555323,buttonOpenPanier,userPrestataireDetailPageHeader,914umpyeZkY5lglo8KGumeZWF002
1716636941338,buttonBottomOpenPanier,userPrestataireDetailPage,I6elAlW14FXyawwu9ri0ANirM0x1
1715766049293,buttonOpenNotification,userHomeScreenPageHeader,z5Vl3tUSRgalHfSho6JFNkpjxpn1
1716642553193,viderPanier,userPanierPage,qMHVQGPKvNMdZLX8YnPH29ZYoyG3
1715431635584,buttonOpenPanier,userPrestataireDetailPageHeader,914umpyeZkY5lglo8KGumeZWF002
1714836467999,buttonOpenNotification,userHomeScreenPageHeader,qMHVQGPKvNMdZLX8YnPH29ZYoyG3
1717101977241,buttonOpenSetting,userHomeScreenPageHeader,miy7809XCNhXj9Bv0VfPYXob3AD2
1716631315415,viderPanier,userPanierPage,qMHVQGPKvNMdZLX8YnPH29ZYoyG3
1716042670260,buttonOpenSetting,userHomeScreenPageHeader,qMHVQGPKvNMdZLX8YnPH29ZYoyG3
1715101451716,buttonOpenPanier,userHomeScreenPageHeader,qMHVQGPKvNMdZLX8YnPH29ZYoyG3
1715356254708,buttonBottomOpenPanier,userPrestataireDetailPage,z5Vl3tUSRgalHfSho6JFNkpjxpn1
1717352100130,buttonOpenSetting,userHomeScreenPageHeader,2Dnk3xqJF6NF4ZJWcA7f2zrlnO13
1716035687970,buttonOpenSetting,userHomeScreenPageHeader,qMHVQGPKvNMdZLX8YnPH29ZYoyG3
1717352383073,addBonAchat,userPrestataireDetailPage,2Dnk3xqJF6NF4ZJWcA7f2zrlnO13
1715765694131,buttonPayer,userPanierPage,914umpyeZkY5lglo8KGumeZWF002
1714830395738,buttonOpenPanier,userPrestataireDetailPageHeader,qMHVQGPKvNMdZLX8YnPH29ZYoyG3
1716628564159,addBonAchat,userPanierPage,b6aunqCXt4RLfdmcQLxYZR1F6W33
1715354339179,buttonOpenPanier,userHomeScreenPageHeader,z5Vl3tUSRgalHfSho6JFNkpjxpn1
1715539838248,buttonOpenPanier,userHomeScreenPageHeader,qMHVQGPKvNMdZLX8YnPH29ZYoyG3
1715762283511,buttonOpenSetting,userHomeScreenPageHeader,z5Vl3tUSRgalHfSho6JFNkpjxpn1
1715066784990,buttonOpenPanier,userPrestataireDetailPageHeader,914umpyeZkY5lglo8KGumeZWF002
1715536466281,buttonOpenPanier,userPrestataireDetailPageHeader,z5Vl3tUSRgalHfSho6JFNkpjxpn1
1715764861582,buttonOpenPanier,userHomeScreenPageHeader,914umpyeZkY5lglo8KGumeZWF002
1715278270181,addButtonContact,userPanierPage,914umpyeZkY5lglo8KGumeZWF002
1714834688424,buttonOpenNotification,userHomeScreenPageHeader,z5Vl3tUSRgalHfSho6JFNkpjxpn1
1716636962889,viderPanier,userPanierPage,I6elAlW14FXyawwu9ri0ANirM0x1
1715796569578,buttonOpenNotification,userHomeScreenPageHeader,z5Vl3tUSRgalHfSho6JFNkpjxpn1
1715951209877,addBonAchat,userPrestataireDetailPage,z5Vl3tUSRgalHfSho6JFNkpjxpn1
1715764471397,viderPanier,userPanierPage,914umpyeZkY5lglo8KGumeZWF002
1716035770335,buttonOpenPanier,userPrestataireDetailPageHeader,jkChc1Rrx9cuUyCM1LDJPS3Rl9h2
1717243026464,addBonAchat,userPrestataireDetailPage,z5Vl3tUSRgalHfSho6JFNkpjxpn1
1716031687385,addBonAchat,userPrestataireDetailPage,z5Vl3tUSRgalHfSho6JFNkpjxpn1
1715067160225,buttonOpenPanier,userHomeScreenPageHeader,914umpyeZkY5lglo8KGumeZWF002
1715960713151,buttonPayer,userPanierPage,b6aunqCXt4RLfdmcQLxYZR1F6W33
1716474142445,buttonOpenSetting,userHomeScreenPageHeader,O2XVZMacTGYqtKj6BTP6oJPX9cq2
1716641498325,buttonOpenPanier,userPrestataireDetailPageHeader,qMHVQGPKvNMdZLX8YnPH29ZYoyG3
1716637276211,buttonOpenSetting,userHomeScreenPageHeader,I6elAlW14FXyawwu9ri0ANirM0x1
1715354233303,buttonOpenPanier,userHomeScreenPageHeader,z5Vl3tUSRgalHfSho6JFNkpjxpn1
1715707225735,addBonAchat,userPrestataireDetailPage,z5Vl3tUSRgalHfSho6JFNkpjxpn1
1716056547742,buttonOpenPanier,userPrestataireDetailPageHeader,qMHVQGPKvNMdZLX8YnPH29ZYoyG3
1714827744291,buttonBottomOpenPanier,userPrestataireDetailPage,914umpyeZkY5lglo8KGumeZWF002
1716037054805,addButtonContact,userPanierPage,03HAO5vU6BOlF3NSeYVTzyRaJ6W2
1716049953796,viderPanier,userPanierPage,qMHVQGPKvNMdZLX8YnPH29ZYoyG3
1716904292737,buttonOpenPanier,userPrestataireDetailPageHeader,hA911Hr90KPbY6yO0OACx8tP2NE2
1715099206541,viderPanier,userPanierPage,z5Vl3tUSRgalHfSho6JFNkpjxpn1
1714831728157,addButtonContact,userPanierPage,z5Vl3tUSRgalHfSho6JFNkpjxpn1
1717006261104,viderPanier,userPanierPage,DFZU3UfzhgRM1sHo3poKO1nioqF2
1715849168149,viderPanier,userPanierPage,SF41IxDyM4RSbTEsLNV1TP7JhdE2
1714832035201,buttonOpenPanier,userHomeScreenPageHeader,z5Vl3tUSRgalHfSho6JFNkpjxpn1
1715955532858,buttonOpenSetting,userHomeScreenPageHeader,b6aunqCXt4RLfdmcQLxYZR1F6W33
1715786523944,buttonOpenNotification,userHomeScreenPageHeader,914umpyeZkY5lglo8KGumeZWF002
1715949137412,addBonAchat,userPrestataireDetailPage,z5Vl3tUSRgalHfSho6JFNkpjxpn1
1716047560498,buttonOpenSetting,userHomeScreenPageHeader,qMHVQGPKvNMdZLX8YnPH29ZYoyG3
1716027206497,buttonOpenPanier,userPrestataireDetailPageHeader,z5Vl3tUSRgalHfSho6JFNkpjxpn1
1716129248889,buttonOpenSetting,userHomeScreenPageHeader,qMHVQGPKvNMdZLX8YnPH29ZYoyG3
1716128500237,addBonAchat,userPrestataireDetailPage,z5Vl3tUSRgalHfSho6JFNkpjxpn1
1715101406650,buttonOpenPanier,userHomeScreenPageHeader,qMHVQGPKvNMdZLX8YnPH29ZYoyG3
1714834674194,buttonOpenNotification,userHomeScreenPageHeader,qMHVQGPKvNMdZLX8YnPH29ZYoyG3
1717243330482,addBonAchat,userPrestataireDetailPage,z5Vl3tUSRgalHfSho6JFNkpjxpn1
1715796062720,buttonPayer,userPanierPage,z5Vl3tUSRgalHfSho6JFNkpjxpn1
1716116381067,buttonOpenSetting,userHomeScreenPageHeader,qMHVQGPKvNMdZLX8YnPH29ZYoyG3
1716041033290,buttonOpenPanier,userPrestataireDetailPageHeader,qMHVQGPKvNMdZLX8YnPH29ZYoyG3
1716634768109,viderPanier,userPanierPage,qMHVQGPKvNMdZLX8YnPH29ZYoyG3
1716648154450,buttonOpenSetting,userHomeScreenPageHeader,qMHVQGPKvNMdZLX8YnPH29ZYoyG3
1715431125696,addButtonContact,userPanierPage,914umpyeZkY5lglo8KGumeZWF002
1715281934997,viderPanier,userPanierPage,914umpyeZkY5lglo8KGumeZWF002
1717006256321,buttonOpenPanier,userPrestataireDetailPageHeader,DFZU3UfzhgRM1sHo3poKO1nioqF2
1716127037601,buttonOpenSetting,userHomeScreenPageHeader,qMHVQGPKvNMdZLX8YnPH29ZYoyG3
1716650635470,buttonOpenSetting,userHomeScreenPageHeader,qMHVQGPKvNMdZLX8YnPH29ZYoyG3
1715100350921,addButtonContact,userPanierPage,qMHVQGPKvNMdZLX8YnPH29ZYoyG3
1714834345610,buttonOpenNotification,userHomeScreenPageHeader,z5Vl3tUSRgalHfSho6JFNkpjxpn1
1714829507113,addButtonContact,userPanierPage,qMHVQGPKvNMdZLX8YnPH29ZYoyG3
1714833478003,buttonOpenPanier,userPrestataireDetailPageHeader,914umpyeZkY5lglo8KGumeZWF002
1716127652953,viderPanier,userPanierPage,qMHVQGPKvNMdZLX8YnPH29ZYoyG3
1716630758370,addBonAchat,userPrestataireDetailPage,qMHVQGPKvNMdZLX8YnPH29ZYoyG3
1716631450467,addBonAchat,userPrestataireDetailPage,qMHVQGPKvNMdZLX8YnPH29ZYoyG3
1716474351368,buttonPayer,userPanierPage,O2XVZMacTGYqtKj6BTP6oJPX9cq2
1714832290374,buttonOpenSetting,userHomeScreenPageHeader,qMHVQGPKvNMdZLX8YnPH29ZYoyG3
1715278496490,buttonOpenPanier,userPrestataireDetailPageHeader,914umpyeZkY5lglo8KGumeZWF002
1715102454465,viderPanier,userPanierPage,qMHVQGPKvNMdZLX8YnPH29ZYoyG3
1716743743719,buttonOpenSetting,userHomeScreenPageHeader,AkK9DilFPCOis7c5aImtHk8Ui5m1
1715279768741,addButtonContact,userPanierPage,914umpyeZkY5lglo8KGumeZWF002
1716628583458,addButtonContact,userPanierPage,b6aunqCXt4RLfdmcQLxYZR1F6W33
1715765653631,buttonPayer,userPanierPage,914umpyeZkY5lglo8KGumeZWF002
1714833486233,buttonPayer,userPanierPage,914umpyeZkY5lglo8KGumeZWF002
1714830966355,viderPanier,userPanierPage,qMHVQGPKvNMdZLX8YnPH29ZYoyG3
1714829133202,buttonOpenNotification,userHomeScreenPageHeader,qMHVQGPKvNMdZLX8YnPH29ZYoyG3
1714826524535,viderPanier,userPanierPage,z5Vl3tUSRgalHfSho6JFNkpjxpn1
1715354659566,addBonAchat,userPrestataireDetailPage,z5Vl3tUSRgalHfSho6JFNkpjxpn1
1715951368953,buttonPayer,userPanierPage,z5Vl3tUSRgalHfSho6JFNkpjxpn1
1715538785433,addButtonContact,userPanierPage,qMHVQGPKvNMdZLX8YnPH29ZYoyG3
1715166991122,addButtonContact,userPanierPage,914umpyeZkY5lglo8KGumeZWF002
1715354185895,buttonOpenPanier,userHomeScreenPageHeader,z5Vl3tUSRgalHfSho6JFNkpjxpn1
1715708141215,buttonOpenSetting,userHomeScreenPageHeader,is374p6NnHNF6Xu4obrSYzCYZTc2
1715102103514,buttonOpenPanier,userHomeScreenPageHeader,qMHVQGPKvNMdZLX8YnPH29ZYoyG3
1715100404653,addButtonContact,userPanierPage,qMHVQGPKvNMdZLX8YnPH29ZYoyG3
1717774685582,buttonPayer,userPanierPage,z5Vl3tUSRgalHfSho6JFNkpjxpn1
1715354235276,addButtonContact,userPanierPage,z5Vl3tUSRgalHfSho6JFNkpjxpn1
1716044994294,addButtonContact,userPanierPage,z5Vl3tUSRgalHfSho6JFNkpjxpn1
1716057181297,viderPanier,userPanierPage,qMHVQGPKvNMdZLX8YnPH29ZYoyG3
1714835476180,buttonOpenNotification,userHomeScreenPageHeader,z5Vl3tUSRgalHfSho6JFNkpjxpn1
1715353428458,buttonBottomOpenPanier,userPrestataireDetailPage,z5Vl3tUSRgalHfSho6JFNkpjxpn1
1717102349253,buttonOpenSetting,userHomeScreenPageHeader,miy7809XCNhXj9Bv0VfPYXob3AD2
1716631374427,buttonOpenSetting,userHomeScreenPageHeader,qMHVQGPKvNMdZLX8YnPH29ZYoyG3
1715863573599,viderPanier,userPanierPage,qMHVQGPKvNMdZLX8YnPH29ZYoyG3
1714831718363,addButtonContact,userPanierPage,z5Vl3tUSRgalHfSho6JFNkpjxpn1
1716637767243,buttonOpenSetting,userHomeScreenPageHeader,qMHVQGPKvNMdZLX8YnPH29ZYoyG3
1715785590135,buttonBottomOpenPanier,userPrestataireDetailPage,z5Vl3tUSRgalHfSho6JFNkpjxpn1
1715353519899,buttonOpenPanier,userHomeScreenPageHeader,z5Vl3tUSRgalHfSho6JFNkpjxpn1
1716644732673,buttonOpenPanier,userPrestataireDetailPageHeader,qMHVQGPKvNMdZLX8YnPH29ZYoyG3
1717943980679,addBonAchat,userPrestataireDetailPage,g1Os1DQ1U9UxVfYBnLKIl03XTEm2
1716636955718,buttonOpenPanier,userHomeScreenPageHeader,I6elAlW14FXyawwu9ri0ANirM0x1
1716137788691,buttonOpenSetting,userHomeScreenPageHeader,qMHVQGPKvNMdZLX8YnPH29ZYoyG3
1715102398893,buttonOpenPanier,userHomeScreenPageHeader,qMHVQGPKvNMdZLX8YnPH29ZYoyG3
1715886221930,buttonOpenNotification,userHomeScreenPageHeader,uAncaFrlwHdOlav3P7h4cAm3bMJ3
1715166767998,addButtonContact,userPanierPage,914umpyeZkY5lglo8KGumeZWF002
1716041021461,addBonAchat,userPrestataireDetailPage,qMHVQGPKvNMdZLX8YnPH29ZYoyG3
1716635231109,buttonOpenSetting,userHomeScreenPageHeader,qMHVQGPKvNMdZLX8YnPH29ZYoyG3
1716534406705,addBonAchat,userPrestataireDetailPage,NaPJhyyglGO5W5en9C6P4BoUXof2
1714832105742,addButtonContact,userPanierPage,z5Vl3tUSRgalHfSho6JFNkpjxpn1
1715275207916,addButtonContact,userPanierPage,914umpyeZkY5lglo8KGumeZWF002
1716636566014,buttonOpenSetting,userHomeScreenPageHeader,qMHVQGPKvNMdZLX8YnPH29ZYoyG3
1715539876938,addButtonContact,userPanierPage,qMHVQGPKvNMdZLX8YnPH29ZYoyG3
1715165053253,buttonOpenPanier,userPrestataireDetailPageHeader,914umpyeZkY5lglo8KGumeZWF002
1715431321517,addButtonContact,userPanierPage,914umpyeZkY5lglo8KGumeZWF002
1716630803272,buttonOpenPanier,userPrestataireDetailPageHeader,qMHVQGPKvNMdZLX8YnPH29ZYoyG3
1716031765351,buttonOpenNotification,userHomeScreenPageHeader,z5Vl3tUSRgalHfSho6JFNkpjxpn1
1715785597469,buttonPayer,userPanierPage,z5Vl3tUSRgalHfSho6JFNkpjxpn1
1715849127228,buttonOpenPanier,userPrestataireDetailPageHeader,SF41IxDyM4RSbTEsLNV1TP7JhdE2
1714828528322,buttonPayer,userPanierPage,qMHVQGPKvNMdZLX8YnPH29ZYoyG3
1715886114737,viderPanier,userPanierPage,z5Vl3tUSRgalHfSho6JFNkpjxpn1
1715167173153,addButtonContact,userPanierPage,914umpyeZkY5lglo8KGumeZWF002
1716027851800,redirectionDanapay,userPanierPage,z5Vl3tUSRgalHfSho6JFNkpjxpn1
1715098622741,buttonOpenPanier,userPrestataireDetailPageHeader,z5Vl3tUSRgalHfSho6JFNkpjxpn1
1714834449083,buttonOpenNotification,userHomeScreenPageHeader,qMHVQGPKvNMdZLX8YnPH29ZYoyG3
1715785632463,buttonOpenNotification,userHomeScreenPageHeader,z5Vl3tUSRgalHfSho6JFNkpjxpn1
1716136343357,buttonOpenSetting,userHomeScreenPageHeader,qMHVQGPKvNMdZLX8YnPH29ZYoyG3
1717494709327,redirectionDanapay,userPanierPage,r4uAkw35sxMJVTxx21DUWW4P5HB3
1716046252689,viderPanier,userPanierPage,qMHVQGPKvNMdZLX8YnPH29ZYoyG3
1715786639212,buttonOpenNotification,userHomeScreenPageHeader,z5Vl3tUSRgalHfSho6JFNkpjxpn1
1716636153159,buttonOpenSetting,userHomeScreenPageHeader,qMHVQGPKvNMdZLX8YnPH29ZYoyG3
1716128614399,buttonOpenSetting,userHomeScreenPageHeader,z5Vl3tUSRgalHfSho6JFNkpjxpn1
1714830854310,redirectionDanapay,userPanierPage,qMHVQGPKvNMdZLX8YnPH29ZYoyG3
1715695451204,buttonOpenSetting,userHomeScreenPageHeader,qMHVQGPKvNMdZLX8YnPH29ZYoyG3
1715788852254,redirectionDanapay,userPanierPage,z5Vl3tUSRgalHfSho6JFNkpjxpn1
1714831704937,buttonOpenPanier,userPrestataireDetailPageHeader,z5Vl3tUSRgalHfSho6JFNkpjxpn1
1715166766456,buttonOpenPanier,userPrestataireDetailPageHeader,914umpyeZkY5lglo8KGumeZWF002
1716029919176,buttonOpenSetting,userHomeScreenPageHeader,914umpyeZkY5lglo8KGumeZWF002
1715628729800,viderPanier,userPanierPage,qMHVQGPKvNMdZLX8YnPH29ZYoyG3
1716980434795,addBonAchat,userPrestataireDetailPage,8H4CV34KQHgrMj1DLy4J2NwlF5e2
1715886558880,buttonPayer,userPanierPage,z5Vl3tUSRgalHfSho6JFNkpjxpn1
1716057141566,buttonOpenPanier,userPrestataireDetailPageHeader,qMHVQGPKvNMdZLX8YnPH29ZYoyG3
1717774690646,redirectionDanapay,userPanierPage,z5Vl3tUSRgalHfSho6JFNkpjxpn1
1715354557124,viderPanier,userPanierPage,z5Vl3tUSRgalHfSho6JFNkpjxpn1
1717243169573,buttonOpenNotification,userHomeScreenPageHeader,z5Vl3tUSRgalHfSho6JFNkpjxpn1
1716049224246,buttonOpenSetting,userHomeScreenPageHeader,qMHVQGPKvNMdZLX8YnPH29ZYoyG3
1716127558884,buttonOpenPanier,userPrestataireDetailPageHeader,qMHVQGPKvNMdZLX8YnPH29ZYoyG3
1717449046258,buttonOpenSetting,userHomeScreenPageHeader,7odmEfSWmpOK0yXpKAux6oD84n33
1715538817993,buttonOpenPanier,userPrestataireDetailPageHeader,qMHVQGPKvNMdZLX8YnPH29ZYoyG3
1714833232678,buttonPayer,userPanierPage,z5Vl3tUSRgalHfSho6JFNkpjxpn1
1716137696923,viderPanier,userPanierPage,qMHVQGPKvNMdZLX8YnPH29ZYoyG3
1716028060564,redirectionDanapay,userPanierPage,z5Vl3tUSRgalHfSho6JFNkpjxpn1
1716047547587,viderPanier,userPanierPage,qMHVQGPKvNMdZLX8YnPH29ZYoyG3
1715954984440,buttonOpenSetting,userHomeScreenPageHeader,GLOi2DWR7seNFkuttoWH3m78CX12
1717494705998,buttonPayer,userPanierPage,r4uAkw35sxMJVTxx21DUWW4P5HB3
1715886071604,buttonPayer,userPanierPage,uAncaFrlwHdOlav3P7h4cAm3bMJ3
1714833307692,buttonOpenNotification,userHomeScreenPageHeader,z5Vl3tUSRgalHfSho6JFNkpjxpn1
1715170550311,addButtonContact,userPanierPage,914umpyeZkY5lglo8KGumeZWF002
1715764904319,buttonOpenPanier,userPrestataireDetailPageHeader,914umpyeZkY5lglo8KGumeZWF002
1716636849610,buttonOpenSetting,userHomeScreenPageHeader,qMHVQGPKvNMdZLX8YnPH29ZYoyG3
1716638655224,viderPanier,userPanierPage,qMHVQGPKvNMdZLX8YnPH29ZYoyG3
1716628602844,buttonPayer,userPanierPage,b6aunqCXt4RLfdmcQLxYZR1F6W33
1717352316082,buttonOpenSetting,userHomeScreenPageHeader,2Dnk3xqJF6NF4ZJWcA7f2zrlnO13
1716115771083,viderPanier,userPanierPage,qMHVQGPKvNMdZLX8YnPH29ZYoyG3
1716643963769,viderPanier,userPanierPage,qMHVQGPKvNMdZLX8YnPH29ZYoyG3
1715765761470,buttonOpenPanier,userPrestataireDetailPageHeader,914umpyeZkY5lglo8KGumeZWF002
1716139317057,viderPanier,userPanierPage,qMHVQGPKvNMdZLX8YnPH29ZYoyG3
1715886096819,addButtonContact,userPanierPage,z5Vl3tUSRgalHfSho6JFNkpjxpn1
1716028023245,buttonBottomOpenPanier,userPrestataireDetailPage,z5Vl3tUSRgalHfSho6JFNkpjxpn1
1714833560898,buttonPayer,userPanierPage,914umpyeZkY5lglo8KGumeZWF002
1716128514875,buttonOpenPanier,userPrestataireDetailPageHeader,z5Vl3tUSRgalHfSho6JFNkpjxpn1
1714827772850,addBonAchat,userPrestataireDetailPage,914umpyeZkY5lglo8KGumeZWF002
1716630486553,viderPanier,userPanierPage,qMHVQGPKvNMdZLX8YnPH29ZYoyG3
1716649842346,buttonOpenPanier,userPrestataireDetailPageHeader,qMHVQGPKvNMdZLX8YnPH29ZYoyG3
1714827791946,buttonOpenSetting,userHomeScreenPageHeader,SF41IxDyM4RSbTEsLNV1TP7JhdE2
1715953711150,buttonOpenNotification,userHomeScreenPageHeader,313VQeWKBWVSt90xfJKK0Y803ga2
1715955219033,buttonOpenSetting,userHomeScreenPageHeader,uAncaFrlwHdOlav3P7h4cAm3bMJ3
1716639542302,buttonOpenSetting,userHomeScreenPageHeader,qMHVQGPKvNMdZLX8YnPH29ZYoyG3
1716980493865,addButtonContact,userPanierPage,8H4CV34KQHgrMj1DLy4J2NwlF5e2
1717354014858,addBonAchat,userPrestataireDetailPage,RM7mi4SVvGhIydxwmmt6djQQL3D3
1715765051823,buttonOpenSetting,userHomeScreenPageHeader,t9cM4WpKxdhhI6qYJ4hOJv3klds2
1714833185366,buttonOpenPanier,userHomeScreenPageHeader,z5Vl3tUSRgalHfSho6JFNkpjxpn1
1715708145950,buttonOpenSetting,userHomeScreenPageHeader,is374p6NnHNF6Xu4obrSYzCYZTc2
1716044819532,buttonOpenPanier,userPrestataireDetailPageHeader,qMHVQGPKvNMdZLX8YnPH29ZYoyG3
1717354068065,buttonOpenSetting,userHomeScreenPageHeader,RM7mi4SVvGhIydxwmmt6djQQL3D3
1715628668871,addButtonContact,userPanierPage,qMHVQGPKvNMdZLX8YnPH29ZYoyG3
1716636496956,viderPanier,userPanierPage,qMHVQGPKvNMdZLX8YnPH29ZYoyG3
1715353997991,addButtonContact,userPanierPage,z5Vl3tUSRgalHfSho6JFNkpjxpn1
1717243372950,viderPanier,userPanierPage,z5Vl3tUSRgalHfSho6JFNkpjxpn1
1716035121553,buttonOpenPanier,userPrestataireDetailPageHeader,qMHVQGPKvNMdZLX8YnPH29ZYoyG3
1714828264042,addBonAchat,userPrestataireDetailPage,qMHVQGPKvNMdZLX8YnPH29ZYoyG3
1717428782995,viderPanier,userPanierPage,z5Vl3tUSRgalHfSho6JFNkpjxpn1
1716037014738,addBonAchat,userPrestataireDetailPage,03HAO5vU6BOlF3NSeYVTzyRaJ6W2
1715281212446,addButtonContact,userPanierPage,914umpyeZkY5lglo8KGumeZWF002
1717080646485,buttonBottomOpenPanier,userPrestataireDetailPage,8H4CV34KQHgrMj1DLy4J2NwlF5e2
1715099719941,buttonBottomOpenPanier,userPrestataireDetailPage,qMHVQGPKvNMdZLX8YnPH29ZYoyG3
1716632923107,viderPanier,userPanierPage,qMHVQGPKvNMdZLX8YnPH29ZYoyG3
1716644069097,buttonOpenSetting,userHomeScreenPageHeader,qMHVQGPKvNMdZLX8YnPH29ZYoyG3
1714830798390,buttonOpenPanier,userPrestataireDetailPageHeader,qMHVQGPKvNMdZLX8YnPH29ZYoyG3
1717061872432,addBonAchat,userPrestataireDetailPage,X5pSoHXR7oa4XH90Mg3huDaWASt1
1717428164578,buttonOpenNotification,userHomeScreenPageHeader,z5Vl3tUSRgalHfSho6JFNkpjxpn1
1714832181746,buttonPayer,userPanierPage,z5Vl3tUSRgalHfSho6JFNkpjxpn1
1716208063688,buttonOpenNotification,userHomeScreenPageHeader,ldBmjwfJ4nao6I0c3QkSWVyxInC3
1714830645682,buttonOpenPanier,userHomeScreenPageHeader,qMHVQGPKvNMdZLX8YnPH29ZYoyG3
1716904332256,buttonOpenPanier,userHomeScreenPageHeader,hA911Hr90KPbY6yO0OACx8tP2NE2
1716047502526,addButtonContact,userPanierPage,qMHVQGPKvNMdZLX8YnPH29ZYoyG3
1715536485157,buttonOpenPanier,userPrestataireDetailPageHeader,z5Vl3tUSRgalHfSho6JFNkpjxpn1
1714828375689,addBonAchat,userPrestataireDetailPage,qMHVQGPKvNMdZLX8YnPH29ZYoyG3
1715708992057,buttonOpenSetting,userHomeScreenPageHeader,qMHVQGPKvNMdZLX8YnPH29ZYoyG3
1716035206595,viderPanier,userPanierPage,qMHVQGPKvNMdZLX8YnPH29ZYoyG3
1715796434482,buttonOpenNotification,userHomeScreenPageHeader,z5Vl3tUSRgalHfSho6JFNkpjxpn1
1715963548596,buttonOpenNotification,userHomeScreenPageHeader,z5Vl3tUSRgalHfSho6JFNkpjxpn1
1715849106142,buttonOpenNotification,userHomeScreenPageHeader,SF41IxDyM4RSbTEsLNV1TP7JhdE2
1716629857397,buttonOpenPanier,userPrestataireDetailPageHeader,qMHVQGPKvNMdZLX8YnPH29ZYoyG3
1716630804474,viderPanier,userPanierPage,qMHVQGPKvNMdZLX8YnPH29ZYoyG3
1716639959844,buttonOpenPanier,userPrestataireDetailPageHeader,qMHVQGPKvNMdZLX8YnPH29ZYoyG3
1715951461073,buttonOpenNotification,userHomeScreenPageHeader,z5Vl3tUSRgalHfSho6JFNkpjxpn1
1715631790905,buttonOpenSetting,userHomeScreenPageHeader,qMHVQGPKvNMdZLX8YnPH29ZYoyG3
1716045216061,buttonOpenNotification,userHomeScreenPageHeader,87e8FtLhawXUWZ2rR1FXpBZ2Mtz2
1715785525499,buttonPayer,userPanierPage,z5Vl3tUSRgalHfSho6JFNkpjxpn1
1716027262755,buttonOpenNotification,userHomeScreenPageHeader,z5Vl3tUSRgalHfSho6JFNkpjxpn1
1716044965883,viderPanier,userPanierPage,qMHVQGPKvNMdZLX8YnPH29ZYoyG3
1716474309765,buttonPayer,userPanierPage,O2XVZMacTGYqtKj6BTP6oJPX9cq2
1715960705541,buttonOpenPanier,userHomeScreenPageHeader,b6aunqCXt4RLfdmcQLxYZR1F6W33
1715875047318,addBonAchat,userPrestataireDetailPage,hA911Hr90KPbY6yO0OACx8tP2NE2
1717774754312,buttonOpenNotification,userHomeScreenPageHeader,z5Vl3tUSRgalHfSho6JFNkpjxpn1
1716027217703,redirectionDanapay,userPanierPage,z5Vl3tUSRgalHfSho6JFNkpjxpn1
1716041001151,addBonAchat,userPrestataireDetailPage,qMHVQGPKvNMdZLX8YnPH29ZYoyG3
1716133994621,viderPanier,userPanierPage,qMHVQGPKvNMdZLX8YnPH29ZYoyG3
1715707234375,buttonOpenPanier,userPrestataireDetailPageHeader,z5Vl3tUSRgalHfSho6JFNkpjxpn1
1716027152068,buttonPayer,userPanierPage,z5Vl3tUSRgalHfSho6JFNkpjxpn1
1716643590476,buttonOpenSetting,userHomeScreenPageHeader,qMHVQGPKvNMdZLX8YnPH29ZYoyG3
1716549122074,addBonAchat,userPrestataireDetailPage,03HAO5vU6BOlF3NSeYVTzyRaJ6W2
1715960537239,buttonPayer,userPanierPage,b6aunqCXt4RLfdmcQLxYZR1F6W33
1714831726492,buttonOpenPanier,userHomeScreenPageHeader,z5Vl3tUSRgalHfSho6JFNkpjxpn1
1714832906461,addButtonContact,userPanierPage,z5Vl3tUSRgalHfSho6JFNkpjxpn1
1714827782226,buttonBottomOpenPanier,userPrestataireDetailPage,914umpyeZkY5lglo8KGumeZWF002
1716631493819,addBonAchat,userPrestataireDetailPage,qMHVQGPKvNMdZLX8YnPH29ZYoyG3
1714833652139,buttonOpenNotification,userHomeScreenPageHeader,z5Vl3tUSRgalHfSho6JFNkpjxpn1
1716631515595,viderPanier,userPanierPage,qMHVQGPKvNMdZLX8YnPH29ZYoyG3
1716037045938,buttonPayer,userPanierPage,03HAO5vU6BOlF3NSeYVTzyRaJ6W2
1715101622444,buttonOpenPanier,userHomeScreenPageHeader,qMHVQGPKvNMdZLX8YnPH29ZYoyG3
1715278498805,viderPanier,userPanierPage,914umpyeZkY5lglo8KGumeZWF002
1716641592377,buttonOpenSetting,userHomeScreenPageHeader,qMHVQGPKvNMdZLX8YnPH29ZYoyG3
1715353685101,addButtonContact,userPanierPage,z5Vl3tUSRgalHfSho6JFNkpjxpn1
1715788883316,buttonOpenNotification,userHomeScreenPageHeader,z5Vl3tUSRgalHfSho6JFNkpjxpn1
1716632829069,buttonOpenPanier,userPrestataireDetailPageHeader,qMHVQGPKvNMdZLX8YnPH29ZYoyG3
1716643051160,buttonOpenSetting,userHomeScreenPageHeader,qMHVQGPKvNMdZLX8YnPH29ZYoyG3
1715166622365,buttonOpenPanier,userPrestataireDetailPageHeader,914umpyeZkY5lglo8KGumeZWF002
1716641731830,buttonOpenSetting,userHomeScreenPageHeader,qMHVQGPKvNMdZLX8YnPH29ZYoyG3
1717352169136,buttonOpenSetting,userHomeScreenPageHeader,2Dnk3xqJF6NF4ZJWcA7f2zrlnO13
1715275253611,addButtonContact,userPanierPage,914umpyeZkY5lglo8KGumeZWF002
1715103248812,addButtonContact,userPanierPage,qMHVQGPKvNMdZLX8YnPH29ZYoyG3
1715277270237,addButtonContact,userPanierPage,914umpyeZkY5lglo8KGumeZWF002
1716027212444,buttonPayer,userPanierPage,z5Vl3tUSRgalHfSho6JFNkpjxpn1
1714653551540,buttonOpenPanier,userPrestataireDetailPageHeader,914umpyeZkY5lglo8KGumeZWF002
1715353422057,addBonAchat,userPrestataireDetailPage,z5Vl3tUSRgalHfSho6JFNkpjxpn1
1715764931383,buttonPayer,userPanierPage,914umpyeZkY5lglo8KGumeZWF002
1717428779466,buttonOpenPanier,userPrestataireDetailPageHeader,z5Vl3tUSRgalHfSho6JFNkpjxpn1
1715886139189,buttonPayer,userPanierPage,uAncaFrlwHdOlav3P7h4cAm3bMJ3
1716466021873,addBonAchat,userPrestataireDetailPage,axYHQ2yjnTdwLf6R7eP5LKm82Y53
1716904336851,viderPanier,userPanierPage,hA911Hr90KPbY6yO0OACx8tP2NE2
1715099760378,addButtonContact,userPanierPage,qMHVQGPKvNMdZLX8YnPH29ZYoyG3
1715279012670,buttonOpenPanier,userHomeScreenPageHeader,914umpyeZkY5lglo8KGumeZWF002
1716049958044,buttonOpenSetting,userHomeScreenPageHeader,qMHVQGPKvNMdZLX8YnPH29ZYoyG3
1715707239407,viderPanier,userPanierPage,z5Vl3tUSRgalHfSho6JFNkpjxpn1
1716743735058,buttonOpenNotification,userHomeScreenPageHeader,AkK9DilFPCOis7c5aImtHk8Ui5m1
1716637868698,buttonOpenSetting,userHomeScreenPageHeader,qMHVQGPKvNMdZLX8YnPH29ZYoyG3
1716134078375,addBonAchat,userPrestataireDetailPage,GzZT4dNYCbRjK0TBq4Sre4jcYGh1
1716474315553,addButtonContact,userPanierPage,O2XVZMacTGYqtKj6BTP6oJPX9cq2
1714724272475,buttonOpenSetting,userHomeScreenPageHeader,z5Vl3tUSRgalHfSho6JFNkpjxpn1
1714836005053,buttonOpenNotification,userHomeScreenPageHeader,914umpyeZkY5lglo8KGumeZWF002
1715765041607,buttonOpenNotification,userHomeScreenPageHeader,t9cM4WpKxdhhI6qYJ4hOJv3klds2
1716028125495,buttonOpenSetting,userHomeScreenPageHeader,z5Vl3tUSRgalHfSho6JFNkpjxpn1
1715957142738,buttonOpenSetting,userHomeScreenPageHeader,b6aunqCXt4RLfdmcQLxYZR1F6W33
1716044983937,buttonBottomOpenPanier,userPrestataireDetailPage,z5Vl3tUSRgalHfSho6JFNkpjxpn1
1716047605800,buttonOpenSetting,userHomeScreenPageHeader,qMHVQGPKvNMdZLX8YnPH29ZYoyG3
1714828472053,buttonOpenPanier,userHomeScreenPageHeader,qMHVQGPKvNMdZLX8YnPH29ZYoyG3
1717482183638,buttonOpenSetting,userHomeScreenPageHeader,1kftiDxaQlT4N0NFXV4Ff70KgBF3
1714832331248,buttonOpenNotification,userHomeScreenPageHeader,z5Vl3tUSRgalHfSho6JFNkpjxpn1
1715795873089,addButtonContact,userPanierPage,z5Vl3tUSRgalHfSho6JFNkpjxpn1
1715628413212,addBonAchat,userPrestataireDetailPage,qMHVQGPKvNMdZLX8YnPH29ZYoyG3
1715166624269,addButtonContact,userPanierPage,914umpyeZkY5lglo8KGumeZWF002
1716055064976,viderPanier,userPanierPage,qMHVQGPKvNMdZLX8YnPH29ZYoyG3
1715951373741,redirectionDanapay,userPanierPage,z5Vl3tUSRgalHfSho6JFNkpjxpn1
1715765668759,buttonOpenPanier,userPrestataireDetailPageHeader,914umpyeZkY5lglo8KGumeZWF002
1715789981721,buttonOpenNotification,userHomeScreenPageHeader,z5Vl3tUSRgalHfSho6JFNkpjxpn1
1715166463024,addButtonContact,userPanierPage,914umpyeZkY5lglo8KGumeZWF002
1715764421429,buttonOpenPanier,userPrestataireDetailPageHeader,914umpyeZkY5lglo8KGumeZWF002
1714831855138,addButtonContact,userPanierPage,z5Vl3tUSRgalHfSho6JFNkpjxpn1
1715960527918,buttonPayer,userPanierPage,b6aunqCXt4RLfdmcQLxYZR1F6W33
1715955793257,buttonPayer,userPanierPage,b6aunqCXt4RLfdmcQLxYZR1F6W33
1716628607308,redirectionDanapay,userPanierPage,b6aunqCXt4RLfdmcQLxYZR1F6W33
1715960726522,buttonOpenSetting,userHomeScreenPageHeader,b6aunqCXt4RLfdmcQLxYZR1F6W33
1715536486756,viderPanier,userPanierPage,z5Vl3tUSRgalHfSho6JFNkpjxpn1
1715796130872,buttonOpenNotification,userHomeScreenPageHeader,z5Vl3tUSRgalHfSho6JFNkpjxpn1
1716205632740,addBonAchat,userPrestataireDetailPage,bD9Zu0RHF0Vk1WGtyTAScOiZKRg2
1715785811254,buttonOpenNotification,userHomeScreenPageHeader,z5Vl3tUSRgalHfSho6JFNkpjxpn1
1714826386570,addButtonContact,userPanierPage,z5Vl3tUSRgalHfSho6JFNkpjxpn1
1715788844529,buttonPayer,userPanierPage,z5Vl3tUSRgalHfSho6JFNkpjxpn1
1716643923405,addButtonContact,userPanierPage,qMHVQGPKvNMdZLX8YnPH29ZYoyG3
1716124128174,buttonOpenSetting,userHomeScreenPageHeader,z5Vl3tUSRgalHfSho6JFNkpjxpn1
1715354187940,addButtonContact,userPanierPage,z5Vl3tUSRgalHfSho6JFNkpjxpn1
1716049889219,buttonOpenPanier,userPrestataireDetailPageHeader,qMHVQGPKvNMdZLX8YnPH29ZYoyG3
1716030775406,buttonBottomOpenPanier,userPrestataireDetailPage,z5Vl3tUSRgalHfSho6JFNkpjxpn1
1715765768748,buttonPayer,userPanierPage,914umpyeZkY5lglo8KGumeZWF002
1716037029772,buttonBottomOpenPanier,userPrestataireDetailPage,03HAO5vU6BOlF3NSeYVTzyRaJ6W2
1716549144515,buttonBottomOpenPanier,userPrestataireDetailPage,03HAO5vU6BOlF3NSeYVTzyRaJ6W2
1716134095826,buttonBottomOpenPanier,userPrestataireDetailPage,GzZT4dNYCbRjK0TBq4Sre4jcYGh1
1715672929808,buttonOpenSetting,userHomeScreenPageHeader,qMHVQGPKvNMdZLX8YnPH29ZYoyG3
1716030733297,buttonOpenNotification,userHomeScreenPageHeader,z5Vl3tUSRgalHfSho6JFNkpjxpn1
1716029109815,buttonOpenSetting,userHomeScreenPageHeader,qMHVQGPKvNMdZLX8YnPH29ZYoyG3
1717102434922,buttonOpenNotification,userHomeScreenPageHeader,miy7809XCNhXj9Bv0VfPYXob3AD2
1715167993126,addButtonContact,userPanierPage,914umpyeZkY5lglo8KGumeZWF002
1716121579948,redirectionDanapay,userPanierPage,z5Vl3tUSRgalHfSho6JFNkpjxpn1
1715960520958,buttonOpenPanier,userPrestataireDetailPageHeader,b6aunqCXt4RLfdmcQLxYZR1F6W33
1715628204954,openNoteAndComment,userListePrestatairePage,qMHVQGPKvNMdZLX8YnPH29ZYoyG3
1714829615426,buttonPayer,userPanierPage,qMHVQGPKvNMdZLX8YnPH29ZYoyG3
1716536304907,buttonOpenNotification,userHomeScreenPageHeader,OFfw0tOPqLfFbMCfwNoVYcxKNJf1
1716115778130,buttonOpenSetting,userHomeScreenPageHeader,qMHVQGPKvNMdZLX8YnPH29ZYoyG3
1715765099144,buttonOpenNotification,userHomeScreenPageHeader,z5Vl3tUSRgalHfSho6JFNkpjxpn1
1716649896647,viderPanier,userPanierPage,qMHVQGPKvNMdZLX8YnPH29ZYoyG3
1715765854350,buttonOpenNotification,userHomeScreenPageHeader,z5Vl3tUSRgalHfSho6JFNkpjxpn1
1715100274910,addBonAchat,userPrestataireDetailPage,qMHVQGPKvNMdZLX8YnPH29ZYoyG3
1715955739412,buttonOpenPanier,userPrestataireDetailPageHeader,b6aunqCXt4RLfdmcQLxYZR1F6W33
1715628399186,openNoteAndComment,userListePrestatairePage,qMHVQGPKvNMdZLX8YnPH29ZYoyG3
1715100289555,buttonBottomOpenPanier,userPrestataireDetailPage,qMHVQGPKvNMdZLX8YnPH29ZYoyG3
1714827763285,buttonPayer,userPanierPage,914umpyeZkY5lglo8KGumeZWF002
1714834005058,buttonOpenNotification,userHomeScreenPageHeader,z5Vl3tUSRgalHfSho6JFNkpjxpn1
1716549150482,buttonPayer,userPanierPage,03HAO5vU6BOlF3NSeYVTzyRaJ6W2
1716046208052,addBonAchat,userPrestataireDetailPage,qMHVQGPKvNMdZLX8YnPH29ZYoyG3
1716046251755,buttonOpenPanier,userPrestataireDetailPageHeader,qMHVQGPKvNMdZLX8YnPH29ZYoyG3
1715764449547,buttonOpenPanier,userPrestataireDetailPageHeader,914umpyeZkY5lglo8KGumeZWF002
1715764869097,viderPanier,userPanierPage,914umpyeZkY5lglo8KGumeZWF002
1715354110066,buttonOpenPanier,userHomeScreenPageHeader,z5Vl3tUSRgalHfSho6JFNkpjxpn1
1715886515315,addBonAchat,userPrestataireDetailPage,z5Vl3tUSRgalHfSho6JFNkpjxpn1
1716045044488,viderPanier,userPanierPage,z5Vl3tUSRgalHfSho6JFNkpjxpn1
1716034151738,buttonOpenSetting,userHomeScreenPageHeader,qMHVQGPKvNMdZLX8YnPH29ZYoyG3
1716129207636,buttonOpenNotification,userHomeScreenPageHeader,qMHVQGPKvNMdZLX8YnPH29ZYoyG3
1716121660383,buttonOpenNotification,userHomeScreenPageHeader,z5Vl3tUSRgalHfSho6JFNkpjxpn1
1715354527406,addBonAchat,userPrestataireDetailPage,z5Vl3tUSRgalHfSho6JFNkpjxpn1
1715276796913,addButtonContact,userPanierPage,914umpyeZkY5lglo8KGumeZWF002
1715954329949,buttonOpenSetting,userHomeScreenPageHeader,914umpyeZkY5lglo8KGumeZWF002
