photoUrl,groupe_id,creationTime,nom_service,description,intitule,﻿prestataire_id,updatedTime,service_id,status,prix,id
https://firebasestorage.googleapis.com/v0/b/dhoola-4b710.appspot.com/o/services%2FServices0J9osTdQSyxTFFQtfD4q.jpg?alt=media&token=5fdb19c2-0a1d-441b-9659-879e8f638d1d,H1rNSqdq9p7Ptonzir0W,2023-10-12 11:09:17.928000+00:00,ALIMENTAIRE,Riz parfumé 100%long grain origine vietnamienne/25kg(5kg*5),Riz,dOejW7bfDveOviZE3toZ1V9iBND2,2023-10-17 10:38:27.398000+00:00,YJPGNNffL2VFqwmdoFFG,Affiche,17500,0J9osTdQSyxTFFQtfD4q
,eOl1l1Abvz8xoq5ABwtt,2023-04-15 08:31:46.976000+00:00,KINÉSITHÉRAPEUTES,"Prévention, Rééducation, Réadaptation..",Soins à domicile,jPM73iTHDgVSbvlvwttEozwNIXJ3,2023-04-15 08:41:23.999000+00:00,kkjvZAJtoLaxiVNDU2VG,Affiche,20000,0gD98L0tsmhEm7lPSj93
,eOl1l1Abvz8xoq5ABwtt,2023-09-07 18:35:57.392000+00:00,Médecins & Dentistes,Consultation médecine generale,consultation,L0dUEXs0vnayHyPnQ0QcmXp9tj42,2023-09-21 16:54:37.190000+00:00,C3frxp2RDJ2quWKc9mqN,Affiche,16000,0wbZTWCiKhIZlOygCsap
,eOl1l1Abvz8xoq5ABwtt,2023-10-21 13:57:32.237000+00:00,Médecins & Dentistes,Prise des paramètres biologiques et consultation,Consultation à domicile,7g3NB0eqWJUK5dWa7Vf8e7021Y12,2023-10-21 13:57:36.153000+00:00,C3frxp2RDJ2quWKc9mqN,Affiche,10000,16hIG9fMN0AYvodSvtQB
https://firebasestorage.googleapis.com/v0/b/dhoola-4b710.appspot.com/o/services%2FServices183L1LM5mopzMgB4a83k.jpg?alt=media&token=2c9e3170-9390-480d-95a0-1d63e65c3b7e,tT8yKDzWw4zoQtl2g6gm,2024-01-26 12:27:08.212000+00:00,SERVICES DIVERS,"Mise en contact 
personnel de maison (1)",SERVICE DE MISE A DISPOSITION,l49kJrXNLwUnd6iMMXHwhL9RxY43,2024-01-28 20:47:41.466000+00:00,3wdruIJ01ALCZxosRmpU,Affiche,3000,183L1LM5mopzMgB4a83k
https://firebasestorage.googleapis.com/v0/b/dhoola-4b710.appspot.com/o/services%2FServices19oYq49ukyKPS2aSVPaY.jpg?alt=media&token=6f696912-6dec-4a93-8bfe-72b7b04533a9,R3XawjusHQ57Mla9yIcm,2023-06-06 20:15:10.916000+00:00,Tout dans l'événementiel,"pick up/drop off aéroport,dépôt,course horaire,hors ville ",location taxi en Berline premium,MqOc124jRTc4TXYOfHlEbTreCSa2,2024-06-03 17:28:16.237000+00:00,KZyZa9pEBuGrFOp4Vweq,Affiche,10000,19oYq49ukyKPS2aSVPaY
https://firebasestorage.googleapis.com/v0/b/dhoola-4b710.appspot.com/o/services%2FServices1E18B1taWXREOo7vMOcx.jpg?alt=media&token=71c5df21-c25b-4215-b2e7-acc0e4dee6cf,NMm07ka3XBMO7S0N6T7y,2023-11-14 13:30:07.874000+00:00,AMEUBLEMENT,"chambre,Salon,douche cuisine (la journée) entièrement équipé",studio meublé,Ufbq6uDgbrh1edZcb3VJHY7nIo62,2023-11-14 13:30:26.631000+00:00,xrIvvNLPdmEa5LGyevNf,Affiche,50000,1E18B1taWXREOo7vMOcx
,fNm6RTc6SfFtjJ73hnTx,2024-05-24 07:32:37.717000+00:00,Salons d'esthétique,PRP( plasma riche en plaquette ),soins visage,4OU8k1M6xDaTwc4nbaCoRBE96wt1,2024-05-24 07:32:38.079000+00:00,RF0Gh7aSA6hQiQ4ltqoX,Affiche,550000,1K4FdFehxaLI4Bhnk8EH
https://firebasestorage.googleapis.com/v0/b/dhoola-4b710.appspot.com/o/services%2FServices1Kt5mjQgSz0YgzTEwnrx.jpg?alt=media&token=57d40a17-c968-40a5-b924-afb24ff2729c,eOl1l1Abvz8xoq5ABwtt,2023-09-22 17:54:14.540000+00:00,Médecins & Dentistes,Facettes Dentaire,PROTHÈSE FIXÉE,bKqHDmwn88ZRIWJfIBrzjllY6FP2,2023-09-22 18:18:43.547000+00:00,C3frxp2RDJ2quWKc9mqN,Affiche,150000,1Kt5mjQgSz0YgzTEwnrx
https://firebasestorage.googleapis.com/v0/b/dhoola-4b710.appspot.com/o/services%2FServices1REwt0c7bMlmDwpAmwvm.jpg?alt=media&token=c2020374-389a-48e0-b0c4-e30b2d0a4393,tT8yKDzWw4zoQtl2g6gm,2024-01-26 12:33:52.365000+00:00,SERVICES DIVERS,"SERVICES À LA TÂCHE
BLANCHISSERIE 30 L",SERVICES À LA TÂCHE,l49kJrXNLwUnd6iMMXHwhL9RxY43,2024-01-28 20:48:01.957000+00:00,3wdruIJ01ALCZxosRmpU,Affiche,5000,1REwt0c7bMlmDwpAmwvm
https://firebasestorage.googleapis.com/v0/b/dhoola-4b710.appspot.com/o/services%2FServices1STJ6OxRKuM0w4MWEKqc.jpg?alt=media&token=0e31058d-4667-4dd0-9e55-a94c51dd5842,eOl1l1Abvz8xoq5ABwtt,2023-09-22 18:10:59.395000+00:00,MÉDECINS & DENTISTES,Reconstitution couronne 1face,RECONSTITUTIONS COURONNE,bKqHDmwn88ZRIWJfIBrzjllY6FP2,2023-09-22 18:51:01.269000+00:00,C3frxp2RDJ2quWKc9mqN,Affiche,10000,1STJ6OxRKuM0w4MWEKqc
https://firebasestorage.googleapis.com/v0/b/dhoola-4b710.appspot.com/o/services%2FServices1gqiODraULYPXXKwh7dO.jpg?alt=media&token=e79692d5-05c9-4cd8-959d-733acca4f3c0,H1rNSqdq9p7Ptonzir0W,2024-02-12 04:45:35.613000+00:00,Alimentaire,Stylo tissé à la main décoré d'une rose,STYLO LOVE,6vKFwEf8eMRFjjSNrjJhssgZ15X2,2024-02-12 05:29:03.490000+00:00,YJPGNNffL2VFqwmdoFFG,Affiche,300,1gqiODraULYPXXKwh7dO
,H1rNSqdq9p7Ptonzir0W,2023-12-21 07:37:51.746000+00:00,Alimentaire,poulet entier frais 2kgs et+,poulet réformé,7M7SLCTcDPfmhxSU0k4E385ucuJ2,2023-12-21 07:40:35.530000+00:00,YJPGNNffL2VFqwmdoFFG,Affiche,6500,1kT7ySsEhF4Z7fiV4ewH
https://firebasestorage.googleapis.com/v0/b/dhoola-4b710.appspot.com/o/services%2FServices1xIOl6WGP09ZFfCCQKwX.jpg?alt=media&token=424878ba-6730-4f5f-8755-c5a066814271,H1rNSqdq9p7Ptonzir0W,2023-09-19 17:50:23.440000+00:00,Alimentaire,pour de gingembre,Gingembre,KL6xWV3btNYHA7neLDAODGhWGNj2,2023-09-21 14:48:18.625000+00:00,YJPGNNffL2VFqwmdoFFG,Affiche,2500,1xIOl6WGP09ZFfCCQKwX
https://firebasestorage.googleapis.com/v0/b/dhoola-4b710.appspot.com/o/services%2FServices27dGqg47YdApwHar5xXC.jpg?alt=media&token=7f6a9c0b-2076-4b6d-a157-8b0f108bbf9b,fNm6RTc6SfFtjJ73hnTx,2023-11-10 14:04:11.395000+00:00,SALONS D'ESTHÉTIQUE,Soin visage + Massage relaxant + Manucure / Pédicure,Pack bronze,BzDA4Bq79ofqZsDOplwQYIyeTwH2,2023-11-10 14:05:46.536000+00:00,RF0Gh7aSA6hQiQ4ltqoX,Affiche,30000,27dGqg47YdApwHar5xXC
https://firebasestorage.googleapis.com/v0/b/dhoola-4b710.appspot.com/o/services%2FServices2NF1fR4JH7rKc33CiVUT.jpg?alt=media&token=5b19c5d2-bb9c-4201-aa72-1979c460e400,R3XawjusHQ57Mla9yIcm,2023-06-06 20:31:42.133000+00:00,Tout dans l'événementiel,location journalière dans la ville avec chauffeur,location citadine,MqOc124jRTc4TXYOfHlEbTreCSa2,2024-06-03 17:28:16.238000+00:00,KZyZa9pEBuGrFOp4Vweq,Affiche,30000,2NF1fR4JH7rKc33CiVUT
https://firebasestorage.googleapis.com/v0/b/dhoola-4b710.appspot.com/o/services%2FServices2rR98L0Iuhq6jc1xxDlN.jpg?alt=media&token=c225d5c4-0a00-4e79-8cd1-d1525195e61c,tT8yKDzWw4zoQtl2g6gm,2024-01-26 12:39:30.666000+00:00,SERVICES DIVERS,MENAGE (1 Soirée),SERVICES ÉVÉNEMENTIELS,l49kJrXNLwUnd6iMMXHwhL9RxY43,2024-01-28 20:48:17.531000+00:00,3wdruIJ01ALCZxosRmpU,Affiche,10000,2rR98L0Iuhq6jc1xxDlN
,R3XawjusHQ57Mla9yIcm,2023-07-12 11:02:23.034000+00:00,Tout dans l'événementiel,STAND SMALL 4m²,STAND,VcHCeXzJnQQJemdNO9cAnZtRWWe2,2024-06-03 17:28:16.238000+00:00,KZyZa9pEBuGrFOp4Vweq,Affiche,150000,39TLv6gxVN42p9G3Oypd
https://firebasestorage.googleapis.com/v0/b/dhoola-4b710.appspot.com/o/services%2FServices3DWDYY0t0C8yg25yV146.jpg?alt=media&token=26921ee0-a34e-47e8-a68c-b5cb676e57b5,tT8yKDzWw4zoQtl2g6gm,2024-01-26 12:32:11.860000+00:00,SERVICES DIVERS,"SERVICES À LA TÂCHE
LESSIVE 40L",SERVICES A LA TACHE,l49kJrXNLwUnd6iMMXHwhL9RxY43,2024-01-28 20:48:34.795000+00:00,3wdruIJ01ALCZxosRmpU,Affiche,3000,3DWDYY0t0C8yg25yV146
https://firebasestorage.googleapis.com/v0/b/dhoola-4b710.appspot.com/o/services%2FServices49lrQZjYqMD6t8EGbKdy.jpg?alt=media&token=cf3c4a6b-ff24-4da1-b15e-ceacb8aad887,R3XawjusHQ57Mla9yIcm,2023-06-06 20:20:43.337000+00:00,Tout dans l'événementiel,location jour dans la ville avec chauffeur,Location jour en Berline,MqOc124jRTc4TXYOfHlEbTreCSa2,2024-06-03 17:28:16.239000+00:00,KZyZa9pEBuGrFOp4Vweq,Affiche,80000,49lrQZjYqMD6t8EGbKdy
,uYQhDPTqxbOSjzxNOimn,2023-09-11 14:09:20.340000+00:00,Avocats & Notaires,"Assistance toute question juridique
1 heure ",Conseils Juridiques,QP8V1rjNcLg1t6DJrZlCY8agZj53,2023-09-21 17:02:33.072000+00:00,wRknLouXo7dk7IMavsQ8,Affiche,30000,4gk8wRGm3ZiGYvTAIiyQ
https://firebasestorage.googleapis.com/v0/b/dhoola-4b710.appspot.com/o/services%2FServices4lZLF3KkXmk2Bw8G2wa4.jpg?alt=media&token=2532d19f-1f60-4594-b664-18de6e579261,H1rNSqdq9p7Ptonzir0W,2024-02-12 04:34:40.110000+00:00,Alimentaire,Rose artificielle assortie avec un.string,ROSE I LOVE YOU,6vKFwEf8eMRFjjSNrjJhssgZ15X2,2024-02-12 04:35:08.102000+00:00,YJPGNNffL2VFqwmdoFFG,Affiche,700,4lZLF3KkXmk2Bw8G2wa4
https://firebasestorage.googleapis.com/v0/b/dhoola-4b710.appspot.com/o/services%2FServices54NpJxVtlKX0q7x3DESQ.jpg?alt=media&token=796a4406-405e-40a1-b098-66e571a34c3c,tT8yKDzWw4zoQtl2g6gm,2024-03-10 21:18:44.333000+00:00,SERVICES DIVERS,"Formation (Outils collaboratifs, logiciels Ms Office 💻 )",Renforcement de capacité personnalisé,GNSun0UsCpbCzARwv4EK5xJqiXv2,2024-03-10 23:10:43.898000+00:00,3wdruIJ01ALCZxosRmpU,Affiche,50000,54NpJxVtlKX0q7x3DESQ
https://firebasestorage.googleapis.com/v0/b/dhoola-4b710.appspot.com/o/services%2FServices5AG4eiriAKKdziOu4sN7.jpg?alt=media&token=fb6ed16f-d11b-45e0-b12b-4d94b03e20ca,eOl1l1Abvz8xoq5ABwtt,2023-09-22 18:07:29.377000+00:00,MÉDECINS & DENTISTES,Prothèse Dentaire amovible Valplast,PROTHÈSE AMOVIBLE,bKqHDmwn88ZRIWJfIBrzjllY6FP2,2023-09-22 18:24:34.332000+00:00,C3frxp2RDJ2quWKc9mqN,Affiche,150000,5AG4eiriAKKdziOu4sN7
https://firebasestorage.googleapis.com/v0/b/dhoola-4b710.appspot.com/o/services%2FServices5ARYLa6GSWU1PYaVexwe.jpg?alt=media&token=b48306d0-3514-4ded-8d52-e718fd151982,eOl1l1Abvz8xoq5ABwtt,2023-10-03 14:01:59.054000+00:00,LABORATOIRES,Dépistage et surveillance de la prostate,Pack Homme avec PSA,cXO5RL7OGCXdQ2ad1tZZEXmb4vr2,2023-10-03 14:02:28.515000+00:00,XSMZkpA4YsDjsAB94SWu,Affiche,81000,5ARYLa6GSWU1PYaVexwe
https://firebasestorage.googleapis.com/v0/b/dhoola-4b710.appspot.com/o/services%2FServices5X4HVL4ovAS0vorezAie.jpg?alt=media&token=e69b405b-dfcb-428c-8ce9-0d7b647825ba,eOl1l1Abvz8xoq5ABwtt,2024-02-19 18:28:44.098000+00:00,CLINIQUES,Soins à domicile effectués par un médecin et un infirmier.,MedAssist 1,ydHIOCbDC8fn6aPwEVqszjXHSRk2,2024-02-19 18:35:26.110000+00:00,jWwIcd1tNfkAaJo62njO,Affiche,25000,5X4HVL4ovAS0vorezAie
https://firebasestorage.googleapis.com/v0/b/dhoola-4b710.appspot.com/o/services%2FServices5qUx8eFllMJqRUNGinHo.jpg?alt=media&token=0318215d-c1b4-4cd8-9ceb-593a661d0323,eOl1l1Abvz8xoq5ABwtt,2024-05-29 15:58:39.175000+00:00,Cliniques,Consultation pour enfants de 0 à 18 ans,Consultation pédiatre,Px1wmpnT77OiXkoKZypvrs9YiIa2,2024-05-29 16:01:47.362000+00:00,jWwIcd1tNfkAaJo62njO,Affiche,15000,5qUx8eFllMJqRUNGinHo
,tT8yKDzWw4zoQtl2g6gm,2024-05-22 00:10:20.126000+00:00,SERVICES DIVERS,"Argent 999
CubicZirconia 
À partir de 2ans 
très durable ",Bracelet Hello kitty,uXnnBb0D5yZiOrroCy3JCZ6FxPR2,2024-05-22 00:16:11.378000+00:00,3wdruIJ01ALCZxosRmpU,Affiche,25000,63W2K09kK2oVL4HEAYTo
,H1rNSqdq9p7Ptonzir0W,2023-04-13 17:20:21.531000+00:00,Alimentaire,Amuses-gueules bien- parfumés arômatisés à la noix de coco.,Croquettes Crunshy bien parfumés,Hj1qKEqAvdW57sa1Moe4Lk5n3ZX2,2023-09-21 14:48:18.626000+00:00,YJPGNNffL2VFqwmdoFFG,Affiche,1250,6EzZI9PfaNpX1oFFC4eL
,fNm6RTc6SfFtjJ73hnTx,2023-05-03 12:10:09.691000+00:00,Salons d'esthétique,Massage 30 minutes,Massage,NB0X9FrKDRSGQJGnee7LaBDKCbM2,2023-09-21 16:27:54.671000+00:00,RF0Gh7aSA6hQiQ4ltqoX,Affiche,10000,6MD5hlfNpNoJQtmo5auU
https://firebasestorage.googleapis.com/v0/b/dhoola-4b710.appspot.com/o/services%2FServices6mLgLzecPraP5ZTrcI1g.jpg?alt=media&token=db18e5fb-51f5-4ddd-8026-fc08c40a4e35,eOl1l1Abvz8xoq5ABwtt,2023-09-15 10:18:57.786000+00:00,MÉDECINS & DENTISTES,Soins des caries dentaires + reconstitution,SOINS CONSERVATEURS,bKqHDmwn88ZRIWJfIBrzjllY6FP2,2023-09-22 18:25:37.209000+00:00,C3frxp2RDJ2quWKc9mqN,Affiche,15000,6mLgLzecPraP5ZTrcI1g
https://firebasestorage.googleapis.com/v0/b/dhoola-4b710.appspot.com/o/services%2FServices6uCuO5tpPF9cbDdlRnbb.jpg?alt=media&token=52f2fdd3-bac3-4db9-98d7-d0ecafc79ac8,H1rNSqdq9p7Ptonzir0W,2023-10-13 15:44:16.294000+00:00,ALIMENTAIRE,Sphaghetti Pasta Ricco pâte de semoule de blé dur premium.,Pâtes alimentaires,dOejW7bfDveOviZE3toZ1V9iBND2,2023-10-13 16:38:43.530000+00:00,YJPGNNffL2VFqwmdoFFG,Affiche,8500,6uCuO5tpPF9cbDdlRnbb
https://firebasestorage.googleapis.com/v0/b/dhoola-4b710.appspot.com/o/services%2FServices7Gycf8owl877WPMmmq1A.jpg?alt=media&token=83a255f4-3658-4283-90ab-00a799e58414,fNm6RTc6SfFtjJ73hnTx,2023-05-12 07:12:44.035000+00:00,Salons d'esthétique,"Dites le avec le regard, sublimez votre regard .",Extension de cils,KHm6LxYCJgONgjtNmDRSDFKBYu42,2023-09-21 16:27:54.672000+00:00,RF0Gh7aSA6hQiQ4ltqoX,Affiche,10000,7Gycf8owl877WPMmmq1A
,tT8yKDzWw4zoQtl2g6gm,2024-05-19 00:46:50.105000+00:00,SERVICES DIVERS,"Argent 925 rhodié 
Vraies perles_de_culture 
CubicZirconia ",Boucles d'oreilles wings,uXnnBb0D5yZiOrroCy3JCZ6FxPR2,2024-05-19 00:57:19.211000+00:00,3wdruIJ01ALCZxosRmpU,Affiche,14000,7UnMLKodGtg6wfXJpTXY
https://firebasestorage.googleapis.com/v0/b/dhoola-4b710.appspot.com/o/services%2FServices7hARnBS2p2OgZFtetLt8.jpg?alt=media&token=40cc4701-2fae-44eb-9ad4-a612c9662da1,fNm6RTc6SfFtjJ73hnTx,2023-12-01 05:08:14.921000+00:00,SALONS D'ESTHÉTIQUE,masque tissu au collagène,masque tissu anti âge,cxDNgbdr4IQDKtFMCsEvmuMLjQ52,2023-12-01 05:08:58.555000+00:00,RF0Gh7aSA6hQiQ4ltqoX,Affiche,4000,7hARnBS2p2OgZFtetLt8
,fNm6RTc6SfFtjJ73hnTx,2024-05-24 07:57:53.925000+00:00,Salons d'esthétique,épilation maillot,soins,4OU8k1M6xDaTwc4nbaCoRBE96wt1,2024-05-24 07:57:54.271000+00:00,RF0Gh7aSA6hQiQ4ltqoX,Affiche,15000,8aXLM5k04Dr8WeKtDUrh
https://firebasestorage.googleapis.com/v0/b/dhoola-4b710.appspot.com/o/services%2FServices8dekgiCqdTZkUzEg12KY.jpg?alt=media&token=cc1f8390-1afe-4e1c-9c4a-0b6c5a3d3cc7,H1rNSqdq9p7Ptonzir0W,2024-02-12 11:09:04.832000+00:00,Alimentaire,assortiment de 6 bougies parfumées aux messages coquins,BOUGIES PARFUMÉES,6vKFwEf8eMRFjjSNrjJhssgZ15X2,2024-02-12 11:09:35.264000+00:00,YJPGNNffL2VFqwmdoFFG,Affiche,7000,8dekgiCqdTZkUzEg12KY
https://firebasestorage.googleapis.com/v0/b/dhoola-4b710.appspot.com/o/services%2FServices8ei6JjfhXPEHTToudwZR.jpg?alt=media&token=7599e002-27ca-459e-8f0c-b56b82e740b7,tT8yKDzWw4zoQtl2g6gm,2024-05-16 23:00:47.891000+00:00,SERVICES DIVERS,"Argent 925 rhodié 
 Ne change pas, Fin
Léger 
- Discret",Collier Rama,uXnnBb0D5yZiOrroCy3JCZ6FxPR2,2024-05-19 00:21:16.748000+00:00,3wdruIJ01ALCZxosRmpU,Affiche,18000,8ei6JjfhXPEHTToudwZR
https://firebasestorage.googleapis.com/v0/b/dhoola-4b710.appspot.com/o/services%2FServices97rapEq44dUcuvBeadNs.jpg?alt=media&token=c1361c35-0213-4039-8fae-b4a37400c97f,tT8yKDzWw4zoQtl2g6gm,2024-01-26 12:45:59.969000+00:00,SERVICES DIVERS,"GARDE MALADE
(8 HEURES de garde)",SERVICE À LA PERSONNE,l49kJrXNLwUnd6iMMXHwhL9RxY43,2024-01-28 20:26:18.134000+00:00,3wdruIJ01ALCZxosRmpU,Affiche,5000,97rapEq44dUcuvBeadNs
,eOl1l1Abvz8xoq5ABwtt,2023-04-15 08:35:51.085000+00:00,KINÉSITHÉRAPEUTES,massage relaxant du dos,Soins à domicile,jPM73iTHDgVSbvlvwttEozwNIXJ3,2023-04-25 17:07:35.839000+00:00,kkjvZAJtoLaxiVNDU2VG,Affiche,30000,9QOLy9Xa8Uvp6cSb9SiU
,fNm6RTc6SfFtjJ73hnTx,2023-10-30 20:52:12.894000+00:00,Salons d'esthétique,Bon d’achat non remboursable,Bon d’achat,cxDNgbdr4IQDKtFMCsEvmuMLjQ52,2023-10-30 20:52:13.248000+00:00,RF0Gh7aSA6hQiQ4ltqoX,Affiche,30000,9QXQvQFu5qlDrBBW14BC
,fNm6RTc6SfFtjJ73hnTx,2024-05-24 07:40:25.872000+00:00,Salons d'esthétique,Microblading,regard,4OU8k1M6xDaTwc4nbaCoRBE96wt1,2024-05-24 07:40:26.297000+00:00,RF0Gh7aSA6hQiQ4ltqoX,Affiche,75000,9knUdzr5lpzfgnjtDj4W
https://firebasestorage.googleapis.com/v0/b/dhoola-4b710.appspot.com/o/services%2FServicesA3h1yltq1eaYX7LC6lTY.jpg?alt=media&token=25e3c3db-c178-4e32-9b6b-c256ee85c2c1,tT8yKDzWw4zoQtl2g6gm,2024-05-18 20:52:37.375000+00:00,SERVICES DIVERS,"Or pur 14 carats(58,5%)
CubicZirconia 
Ne se delave pas.

",Collier dulcinée,uXnnBb0D5yZiOrroCy3JCZ6FxPR2,2024-05-18 23:34:19.794000+00:00,3wdruIJ01ALCZxosRmpU,Affiche,120000,A3h1yltq1eaYX7LC6lTY
,fNm6RTc6SfFtjJ73hnTx,2024-05-24 07:42:57.332000+00:00,Salons d'esthétique,make up mariées,regard,4OU8k1M6xDaTwc4nbaCoRBE96wt1,2024-05-24 07:43:04.992000+00:00,RF0Gh7aSA6hQiQ4ltqoX,Affiche,35000,A5UMs1G3wL8LAacKuGvz
,fNm6RTc6SfFtjJ73hnTx,2024-05-24 07:46:21.719000+00:00,Salons de coiffure,coiffure homme à domicile,haïr cut,4OU8k1M6xDaTwc4nbaCoRBE96wt1,2024-05-24 07:46:22.076000+00:00,6rpkh8W5T2XyNQbvuCPd,Affiche,5000,A5roW4fFMlds8IaOjOVH
,R3XawjusHQ57Mla9yIcm,2023-04-04 12:34:10.533000+00:00,Services traiteurs,Des gâteaux uniques pour un jour unique,gâteau de mariage,lyhs4mibhVZJQnmsWKgmmulgZXv2,2023-09-21 15:02:39.949000+00:00,JnzHTPdXIKHZfSHEBZi2,Affiche,250000,A7bNrWguQfUdL0PeiMCK
,fNm6RTc6SfFtjJ73hnTx,2023-05-03 12:11:21.950000+00:00,Salons d'esthétique,massage 45 minutes,Massage,NB0X9FrKDRSGQJGnee7LaBDKCbM2,2023-09-21 16:27:54.672000+00:00,RF0Gh7aSA6hQiQ4ltqoX,Affiche,15000,B17HXrQOx2YhMX6lrNP3
https://firebasestorage.googleapis.com/v0/b/dhoola-4b710.appspot.com/o/services%2FServicesB2Y0wt3MofYJIqHEcYAF.jpg?alt=media&token=56ac19c3-9fd8-4e2b-9bc0-54bc38dae7bc,eOl1l1Abvz8xoq5ABwtt,2023-09-22 18:54:38.642000+00:00,MÉDECINS & DENTISTES,DÉTARTRAGE Dentaire,SOINS D'HYGIÈNE,bKqHDmwn88ZRIWJfIBrzjllY6FP2,2023-09-22 18:56:05.072000+00:00,C3frxp2RDJ2quWKc9mqN,Affiche,24000,B2Y0wt3MofYJIqHEcYAF
https://firebasestorage.googleapis.com/v0/b/dhoola-4b710.appspot.com/o/services%2FServicesBAAXQBxqPp504iVHZFob.jpg?alt=media&token=274240df-3503-422b-bcfb-e28e72652ddf,H1rNSqdq9p7Ptonzir0W,2023-12-25 03:08:31.029000+00:00,Alimentaire,Mix de bière et limonade à 1% D'alcool en pack de 10 et 20,BIERE PANACHE BELLE FRANCE 25CL,6vKFwEf8eMRFjjSNrjJhssgZ15X2,2023-12-25 03:19:40.190000+00:00,YJPGNNffL2VFqwmdoFFG,Affiche,450,BAAXQBxqPp504iVHZFob
,R3XawjusHQ57Mla9yIcm,2023-07-12 11:04:02.833000+00:00,Tout dans l'événementiel,STAND MEDIUM 8m²,STAND,VcHCeXzJnQQJemdNO9cAnZtRWWe2,2024-06-03 17:28:16.239000+00:00,KZyZa9pEBuGrFOp4Vweq,Affiche,300000,BNFi9VZJre4QC54SkvfM
https://firebasestorage.googleapis.com/v0/b/dhoola-4b710.appspot.com/o/services%2FServicesBZyAJGQnyNWbhKx6koHH.jpg?alt=media&token=03976dc5-f380-49fc-80b6-b056d542fef6,H1rNSqdq9p7Ptonzir0W,2023-12-25 03:26:05.189000+00:00,ALIMENTAIRE,vin blanc moelleux en brique,BLANC MOELLEUX LA CUVEE DU ROI 1L,6vKFwEf8eMRFjjSNrjJhssgZ15X2,2023-12-31 10:33:03.302000+00:00,YJPGNNffL2VFqwmdoFFG,Affiche,1300,BZyAJGQnyNWbhKx6koHH
https://firebasestorage.googleapis.com/v0/b/dhoola-4b710.appspot.com/o/services%2FServicesBpkRFYhgRNuC7WqbRfBq.jpg?alt=media&token=ee15695f-6ed2-485f-8d3a-aace34167f88,H1rNSqdq9p7Ptonzir0W,2023-12-20 12:43:54.882000+00:00,ALIMENTAIRE,poulet entier frais,"Poulet 1,8kgs",7M7SLCTcDPfmhxSU0k4E385ucuJ2,2023-12-20 12:46:07.012000+00:00,YJPGNNffL2VFqwmdoFFG,Affiche,4500,BpkRFYhgRNuC7WqbRfBq
https://firebasestorage.googleapis.com/v0/b/dhoola-4b710.appspot.com/o/services%2FServicesBwmAIxsvgEqdNkPECeF1.jpg?alt=media&token=03576ea8-b209-490b-83d5-15fef34352f8,tT8yKDzWw4zoQtl2g6gm,2024-03-16 15:00:05.954000+00:00,Info-Com,Test Dhoola,Test Dhoola,Tlrhkqe7OcYuLE8Zr3wZ7WSTTnj1,2024-06-09 13:04:03.678000+00:00,I6AWdAj1WnDyzCVW312E,Affiche,1350,BwmAIxsvgEqdNkPECeF1
https://firebasestorage.googleapis.com/v0/b/dhoola-4b710.appspot.com/o/services%2FServicesBzYqbSmzVqNmpo3rODu2.jpg?alt=media&token=1c33798d-bf44-4a6b-8454-7759715a44a6,eOl1l1Abvz8xoq5ABwtt,2023-09-15 10:23:04.338000+00:00,MÉDECINS & DENTISTES,Traitement des canaux Dentaires,TRAITEMENT CANALAIRE,bKqHDmwn88ZRIWJfIBrzjllY6FP2,2023-09-22 18:26:25.122000+00:00,C3frxp2RDJ2quWKc9mqN,Affiche,40000,BzYqbSmzVqNmpo3rODu2
https://firebasestorage.googleapis.com/v0/b/dhoola-4b710.appspot.com/o/services%2FServicesCFTaRZlAXV1cATjFuMgY.jpg?alt=media&token=ec685107-3bfd-4920-a7a0-d94ecd16d06b,tT8yKDzWw4zoQtl2g6gm,2024-05-19 00:25:40.364000+00:00,SERVICES DIVERS,"Argent rhodié 925
Vraies perles_de_culture 
N'irritent pas ",Boucles d'oreilles pearla,uXnnBb0D5yZiOrroCy3JCZ6FxPR2,2024-05-19 00:27:35.993000+00:00,3wdruIJ01ALCZxosRmpU,Affiche,11000,CFTaRZlAXV1cATjFuMgY
,fNm6RTc6SfFtjJ73hnTx,2024-05-24 07:37:35.108000+00:00,Salons d'esthétique,traitement vergetures,soins corporels,4OU8k1M6xDaTwc4nbaCoRBE96wt1,2024-05-24 07:37:36.172000+00:00,RF0Gh7aSA6hQiQ4ltqoX,Affiche,35000,CkYYNkwKd05rUqE9pmcf
,tT8yKDzWw4zoQtl2g6gm,2023-11-09 16:09:13.138000+00:00,Info-Com,mettez en valeur votre entreprise avec un logo parlant,design d’un logo,Tlrhkqe7OcYuLE8Zr3wZ7WSTTnj1,2023-11-09 16:09:13.380000+00:00,I6AWdAj1WnDyzCVW312E,Affiche,50000,CyV4SVD1zcOq8iyJ62VC
,fNm6RTc6SfFtjJ73hnTx,2024-05-24 07:27:52.114000+00:00,Salons d'esthétique,soins hydratants,soins du visage,4OU8k1M6xDaTwc4nbaCoRBE96wt1,2024-05-24 07:27:52.482000+00:00,RF0Gh7aSA6hQiQ4ltqoX,Affiche,12000,D6xsIowYYqmkZ0nP5R1z
https://firebasestorage.googleapis.com/v0/b/dhoola-4b710.appspot.com/o/services%2FServicesDDBGCkdAaohsP88WM6ge.jpg?alt=media&token=16400077-33ed-4933-b795-f487426c6fe0,R3XawjusHQ57Mla9yIcm,2023-06-06 14:17:40.229000+00:00,Tout dans l'événementiel,"pick up/drop off aéroport,dépôt,course horaire,hors ville ",Location Taxi en Smart,MqOc124jRTc4TXYOfHlEbTreCSa2,2024-06-03 17:28:16.240000+00:00,KZyZa9pEBuGrFOp4Vweq,Affiche,5000,DDBGCkdAaohsP88WM6ge
https://firebasestorage.googleapis.com/v0/b/dhoola-4b710.appspot.com/o/services%2FServicesDYfv09otAS1V4QLmB7oO.jpg?alt=media&token=4c8aa860-b4ec-4371-b32a-b5e10596d789,eOl1l1Abvz8xoq5ABwtt,2023-09-22 18:01:10.267000+00:00,MÉDECINS & DENTISTES,Drainage Abcès et Cellulite Dentaire,CHIRURGIE DENTAIRE,bKqHDmwn88ZRIWJfIBrzjllY6FP2,2023-09-22 19:09:25.914000+00:00,C3frxp2RDJ2quWKc9mqN,Affiche,20000,DYfv09otAS1V4QLmB7oO
,tT8yKDzWw4zoQtl2g6gm,2023-11-13 14:00:46.204000+00:00,Info-Com,25 t-shirts personnalisés,Sérigraphie,kY4vl204LeNdtfuxPjS9y0OB4Q53,2023-11-13 14:00:46.972000+00:00,I6AWdAj1WnDyzCVW312E,Affiche,63000,DyoOMZgM4ZE0zmMOwRBP
,eOl1l1Abvz8xoq5ABwtt,2023-04-15 08:49:18.931000+00:00,Kinésithérapeutes,Réflexologie plantaire et digitale,Soins à domicile,jPM73iTHDgVSbvlvwttEozwNIXJ3,2023-04-15 08:49:19.192000+00:00,kkjvZAJtoLaxiVNDU2VG,Affiche,20000,E2SnJnUN3YsW1OpRn37N
,H1rNSqdq9p7Ptonzir0W,2023-10-30 20:17:28.974000+00:00,Alimentaire,Bon d'achat non remboursable,Bon d'achat,OkGUcgYjDsf0Cec8YYCvQOsFs223,2023-10-30 20:17:29.249000+00:00,YJPGNNffL2VFqwmdoFFG,Affiche,20000,E86pR2Hgqzrwnz5bOXhd
https://firebasestorage.googleapis.com/v0/b/dhoola-4b710.appspot.com/o/services%2FServicesEAK5SNw3reIrO4rLpKBO.jpg?alt=media&token=0086b4e2-ac20-4690-8bed-8c140365d241,tT8yKDzWw4zoQtl2g6gm,2024-01-26 12:33:06.680000+00:00,SERVICES DIVERS,"SERVICES À LA TÂCHE
REPASSAGE 40L",SERVICES À LA TÂCHE,l49kJrXNLwUnd6iMMXHwhL9RxY43,2024-01-28 20:49:09.707000+00:00,3wdruIJ01ALCZxosRmpU,Affiche,3000,EAK5SNw3reIrO4rLpKBO
,eOl1l1Abvz8xoq5ABwtt,2024-02-19 18:40:03.076000+00:00,Cliniques,Soins à domicile et suivi médical tous les deux mois,MedAssit 5,ydHIOCbDC8fn6aPwEVqszjXHSRk2,2024-02-19 18:40:03.283000+00:00,jWwIcd1tNfkAaJo62njO,Affiche,150000,EQ6ECXV9i5kfgt1GO4V4
https://firebasestorage.googleapis.com/v0/b/dhoola-4b710.appspot.com/o/services%2FServicesEagkNn93aCWACTLJiqaR.jpg?alt=media&token=cad30103-49b7-4ac7-ac1f-afd777dd5092,R3XawjusHQ57Mla9yIcm,2023-06-06 20:47:11.749000+00:00,Tout dans l'événementiel,location journalière dans la ville et hors ville avec chauff,location Prado,MqOc124jRTc4TXYOfHlEbTreCSa2,2024-06-03 17:28:16.240000+00:00,KZyZa9pEBuGrFOp4Vweq,Affiche,150000,EagkNn93aCWACTLJiqaR
,fNm6RTc6SfFtjJ73hnTx,2024-05-24 07:48:08.844000+00:00,Salons d'esthétique,épilation au fil,regard,4OU8k1M6xDaTwc4nbaCoRBE96wt1,2024-05-24 07:48:16.547000+00:00,RF0Gh7aSA6hQiQ4ltqoX,Affiche,5000,EarQk2guFfaxuyTVpS5k
https://firebasestorage.googleapis.com/v0/b/dhoola-4b710.appspot.com/o/services%2FServicesEmI9j11lymTw2HnsDM2u.jpg?alt=media&token=49da301c-6d8a-4fe1-9283-ec501756e101,tT8yKDzWw4zoQtl2g6gm,2024-05-19 00:52:58.549000+00:00,SERVICES DIVERS,"Pour Fillettes 
Argent925-rhodié 
Enamel ",Boucles d'oreilles beez,uXnnBb0D5yZiOrroCy3JCZ6FxPR2,2024-05-19 00:55:10.942000+00:00,3wdruIJ01ALCZxosRmpU,Affiche,13000,EmI9j11lymTw2HnsDM2u
https://firebasestorage.googleapis.com/v0/b/dhoola-4b710.appspot.com/o/services%2FServicesEsFRMBeRjcTV2Pwipai4.jpg?alt=media&token=fbca6093-3bf5-41fc-818f-6204110e0e0c,tT8yKDzWw4zoQtl2g6gm,2024-05-19 00:38:36.149000+00:00,SERVICES DIVERS,"Vraies perles_de_culture 
Argent925-rhodié(fleur)",Bracelet Lady,uXnnBb0D5yZiOrroCy3JCZ6FxPR2,2024-05-19 00:40:45.536000+00:00,3wdruIJ01ALCZxosRmpU,Affiche,26000,EsFRMBeRjcTV2Pwipai4
,H1rNSqdq9p7Ptonzir0W,2023-10-20 19:12:51.531000+00:00,Alimentaire,"Taro sauce jaune avec légumes sautés, aubergines, champignon",Taro sauce jaune,xZDi4UFLHvY6uriFTcJL3UVHtb23,2023-10-20 19:12:52.265000+00:00,YJPGNNffL2VFqwmdoFFG,Affiche,2000,EvlmcXGElQhb0yhZIIHD
https://firebasestorage.googleapis.com/v0/b/dhoola-4b710.appspot.com/o/services%2FServicesEzWjOVkXBKjeAlXU0P0t.jpg?alt=media&token=bd936bc5-f68a-41e7-a649-c00aeb41b367,tT8yKDzWw4zoQtl2g6gm,2024-01-26 12:46:55.805000+00:00,SERVICES DIVERS,"GARDE PERSONNE ÂGÉE
(8 heures de garde)",SERVICE À LA PERSONNE,l49kJrXNLwUnd6iMMXHwhL9RxY43,2024-01-28 20:47:02.354000+00:00,3wdruIJ01ALCZxosRmpU,Affiche,6000,EzWjOVkXBKjeAlXU0P0t
https://firebasestorage.googleapis.com/v0/b/dhoola-4b710.appspot.com/o/services%2FServicesFDHSpOSNYKNFA17CWkNN.jpg?alt=media&token=b9bc806b-9da7-4fa7-8e8d-f6d9288d2bad,fNm6RTc6SfFtjJ73hnTx,2023-06-14 12:54:23.416000+00:00,Salons d'esthétique,Tatouage des sourcils,microblanding sourcils,G4uE8F24qFbzbckOuVFng9NtCCK2,2023-09-21 16:27:54.673000+00:00,RF0Gh7aSA6hQiQ4ltqoX,Affiche,15000,FDHSpOSNYKNFA17CWkNN
https://firebasestorage.googleapis.com/v0/b/dhoola-4b710.appspot.com/o/services%2FServicesFLtSNj5Je9EavwG5ze5J.jpg?alt=media&token=f2fe318f-622c-4b3b-bf63-51c576ad9a81,tT8yKDzWw4zoQtl2g6gm,2024-01-26 12:44:13.897000+00:00,SERVICES DIVERS,"GARDE PERSONNE ÂGÉE
(5 heures de garde)",SERVICE À LA PERSONNE,l49kJrXNLwUnd6iMMXHwhL9RxY43,2024-01-28 20:49:42.810000+00:00,3wdruIJ01ALCZxosRmpU,Affiche,4000,FLtSNj5Je9EavwG5ze5J
,R3XawjusHQ57Mla9yIcm,2023-12-06 15:42:53.377000+00:00,SERVICES TRAITEURS,"location couverts, (600pcs x 100)",Location couverts,9WrnILEzSLhu8iMmoMQxhkBhTDd2,2023-12-06 15:43:47.273000+00:00,JnzHTPdXIKHZfSHEBZi2,Affiche,60000,FQDgbi56ERgFRfY0OxIu
https://firebasestorage.googleapis.com/v0/b/dhoola-4b710.appspot.com/o/services%2FServicesFQTXvg4OL5gSBxzLi5Zk.jpg?alt=media&token=59b30ebc-45ff-49c2-ae4c-70ee95c0894c,eOl1l1Abvz8xoq5ABwtt,2023-09-15 10:38:45.986000+00:00,MÉDECINS & DENTISTES,Couronne Dentaire en porcelaine,PROTHÈSES DENTAIRES FIXEES,bKqHDmwn88ZRIWJfIBrzjllY6FP2,2023-09-22 18:30:48.390000+00:00,C3frxp2RDJ2quWKc9mqN,Affiche,300000,FQTXvg4OL5gSBxzLi5Zk
,R3XawjusHQ57Mla9yIcm,2023-07-12 11:05:21.528000+00:00,Services traiteurs,STAND LARGE 12m²,STAND,VcHCeXzJnQQJemdNO9cAnZtRWWe2,2023-09-21 15:02:39.950000+00:00,JnzHTPdXIKHZfSHEBZi2,Affiche,450000,Fb4m0bcSWdEk7SzX8AcK
,eOl1l1Abvz8xoq5ABwtt,2023-10-07 13:47:49.462000+00:00,Médecins & Dentistes,"examen systématique du patient, confirmation diagnostic ",consultation rhumatologie,UP7r7Az1WUevLnjDOBJpYGXQzPD3,2023-10-07 13:47:49.852000+00:00,C3frxp2RDJ2quWKc9mqN,Affiche,15000,FredrwWK7ZyLJkx7BLWg
,fNm6RTc6SfFtjJ73hnTx,2024-05-24 07:41:43.202000+00:00,Salons d'esthétique,make up,regard,4OU8k1M6xDaTwc4nbaCoRBE96wt1,2024-05-24 07:41:43.526000+00:00,RF0Gh7aSA6hQiQ4ltqoX,Affiche,10000,FzPJxhLUbUZUoEgnyfSE
https://firebasestorage.googleapis.com/v0/b/dhoola-4b710.appspot.com/o/services%2FServicesG2ej0vrj3QE6qyuCcxA4.jpg?alt=media&token=f0d42548-fdfa-498a-b4a4-afc48171c616,eOl1l1Abvz8xoq5ABwtt,2024-02-19 18:37:42.758000+00:00,CLINIQUES,Soins à domicile et suivi médical mensuel,MedAssist 4,ydHIOCbDC8fn6aPwEVqszjXHSRk2,2024-02-19 18:39:03.357000+00:00,jWwIcd1tNfkAaJo62njO,Affiche,300000,G2ej0vrj3QE6qyuCcxA4
,R3XawjusHQ57Mla9yIcm,2023-07-12 11:06:47.253000+00:00,Tout dans l'événementiel,STAND EXTRA LARGE 16m²,STAND,VcHCeXzJnQQJemdNO9cAnZtRWWe2,2024-06-03 17:28:16.240000+00:00,KZyZa9pEBuGrFOp4Vweq,Affiche,600000,GGwJptFsSWxza7oJC5eA
,fNm6RTc6SfFtjJ73hnTx,2023-04-24 11:20:32.356000+00:00,Salons d'esthétique,Soin permettant de redessiner les sourcils,Microblading,QngL02SxlmNaCVZS1677HBg6lEX2,2023-09-21 16:27:54.673000+00:00,RF0Gh7aSA6hQiQ4ltqoX,Affiche,25000,GMIHDjW4WoeE33Qknr7E
,R3XawjusHQ57Mla9yIcm,2023-06-06 12:32:46.613000+00:00,Tout dans l'événementiel,"Très belle Mercedes GLE 350, décorée avec chauffeur ",Location de Véhicules,z6qlZK7z2FdYkoQjBUuarmWdpGu1,2024-06-03 17:28:16.240000+00:00,KZyZa9pEBuGrFOp4Vweq,Affiche,130000,GPfUK4I5Cw1UJq5REnDW
,NMm07ka3XBMO7S0N6T7y,2023-05-14 23:53:17.158000+00:00,Architectes,Nous concevons des plans qui répondent à toutes vos exigence,conception 2D des plans de maison,13WFZk72aXTqshmEoDqkR5xe0z92,2023-09-21 16:16:14.121000+00:00,m9efa6bdwh24az6SlL9K,Affiche,50000,Gxxe5fuleC83f0ywShmp
,H1rNSqdq9p7Ptonzir0W,2023-10-30 20:16:54.560000+00:00,Alimentaire,bon d'achat non remboursable,bon d'achat,OkGUcgYjDsf0Cec8YYCvQOsFs223,2023-10-30 20:16:54.853000+00:00,YJPGNNffL2VFqwmdoFFG,Affiche,10000,HmCkQFiD3tiY2pUvGR5a
https://firebasestorage.googleapis.com/v0/b/dhoola-4b710.appspot.com/o/services%2FServicesHwO5ypl3yMAgICTCJbRB.jpg?alt=media&token=f901a27f-1d80-4de1-ae8e-33acd0e7f92f,eOl1l1Abvz8xoq5ABwtt,2023-09-22 17:59:41.213000+00:00,MÉDECINS & DENTISTES,Suture gingivale,CHIRURGIE DENTAIRE,bKqHDmwn88ZRIWJfIBrzjllY6FP2,2023-09-22 19:10:12.151000+00:00,C3frxp2RDJ2quWKc9mqN,Affiche,15000,HwO5ypl3yMAgICTCJbRB
https://firebasestorage.googleapis.com/v0/b/dhoola-4b710.appspot.com/o/services%2FServicesIMBOt9rD21XNHWNNst4u.jpg?alt=media&token=d8f97b8f-7e7e-45c4-96fd-9862cdb77403,fNm6RTc6SfFtjJ73hnTx,2023-11-04 13:01:19.784000+00:00,SALONS DE COIFFURE,Soin nourrissant / Coiffure sans rajouts,Soin nourrissant/Coiffure sans rajouts,BzDA4Bq79ofqZsDOplwQYIyeTwH2,2023-11-10 14:01:33.095000+00:00,6rpkh8W5T2XyNQbvuCPd,Affiche,10000,IMBOt9rD21XNHWNNst4u
https://firebasestorage.googleapis.com/v0/b/dhoola-4b710.appspot.com/o/services%2FServicesIRYR2Q3BGZkWXDY5NEUe.jpg?alt=media&token=35cfea43-af9d-4d6d-8464-e69307e0ca82,fNm6RTc6SfFtjJ73hnTx,2023-11-04 13:12:00.097000+00:00,Salons d'esthétique,Manucure / Pédicure / Massage relaxant,Manucure / Pédicure / Massage relaxant,BzDA4Bq79ofqZsDOplwQYIyeTwH2,2023-11-04 13:14:21.545000+00:00,RF0Gh7aSA6hQiQ4ltqoX,Affiche,20000,IRYR2Q3BGZkWXDY5NEUe
https://firebasestorage.googleapis.com/v0/b/dhoola-4b710.appspot.com/o/services%2FServicesIkSGos23czSJwXBZhpgJ.jpg?alt=media&token=441117f0-0b3b-4911-85f0-880e5aa51b48,tT8yKDzWw4zoQtl2g6gm,2024-04-01 18:04:38.874000+00:00,INFO-COM,Emballages et Design de supports marketing,Packaging & impressions,tFpgYukxk8bwyCJx1ZcLLLmD0252,2024-04-15 14:53:07.014000+00:00,I6AWdAj1WnDyzCVW312E,Affiche,30000,IkSGos23czSJwXBZhpgJ
https://firebasestorage.googleapis.com/v0/b/dhoola-4b710.appspot.com/o/services%2FServicesJ3t7s8BPQSc1FQHgXqHe.jpg?alt=media&token=51b7313b-c402-4748-8b92-c49255ab26da,NMm07ka3XBMO7S0N6T7y,2024-04-24 14:33:38.087000+00:00,AMEUBLEMENT,Pour vos ouvertures de maisons en bois massif et  CP,porte en bois,MlgTbtQKnYRhNuyouktWCER8hpC3,2024-04-24 14:34:57.381000+00:00,xrIvvNLPdmEa5LGyevNf,Affiche,100000,J3t7s8BPQSc1FQHgXqHe
https://firebasestorage.googleapis.com/v0/b/dhoola-4b710.appspot.com/o/services%2FServicesJMahpZ0gGpd9BE2Y8OSC.jpg?alt=media&token=831dbdd5-6adb-4649-b808-54ace93bb7e0,R3XawjusHQ57Mla9yIcm,2023-08-17 09:57:30.206000+00:00,Tout dans l'événementiel,location en heure et en jour,KIA SPORTAGE,MqOc124jRTc4TXYOfHlEbTreCSa2,2024-06-03 17:28:16.241000+00:00,KZyZa9pEBuGrFOp4Vweq,Affiche,50000,JMahpZ0gGpd9BE2Y8OSC
,tT8yKDzWw4zoQtl2g6gm,2023-10-26 09:29:25.286000+00:00,Info-Com,conception et impression de tee-shirts customisés,tee-shirt,yJWMRBofrxPmtu0WSRzyfHNoQ5b2,2023-10-26 09:29:26.078000+00:00,I6AWdAj1WnDyzCVW312E,Affiche,5000,JjOUfYQgsMStnpIeAl5H
https://firebasestorage.googleapis.com/v0/b/dhoola-4b710.appspot.com/o/services%2FServicesJqG2bqv2mzuG4I93ZaUR.jpg?alt=media&token=8bfc5705-f968-4324-a58e-d98a47a4e587,tT8yKDzWw4zoQtl2g6gm,2024-05-19 00:01:13.433000+00:00,SERVICES DIVERS,"Pour Fillettes 
Argent925-rhodié 
CubicZirconia ",Parure Bianca,uXnnBb0D5yZiOrroCy3JCZ6FxPR2,2024-05-19 00:22:44.569000+00:00,3wdruIJ01ALCZxosRmpU,Affiche,26000,JqG2bqv2mzuG4I93ZaUR
https://firebasestorage.googleapis.com/v0/b/dhoola-4b710.appspot.com/o/services%2FServicesJw7jUZ4IBgVricfiK2RN.jpg?alt=media&token=a1d3cafc-e30f-44bd-b4ea-a49161ab417a,R3XawjusHQ57Mla9yIcm,2024-02-26 21:47:37.765000+00:00,Tout dans l'événementiel,"Bouquets variés,uniques et disponibles. ",bouquets de fleurs,14320s4KGoT6JRe6JhYhKCA30062,2024-06-03 17:28:16.241000+00:00,KZyZa9pEBuGrFOp4Vweq,Affiche,30000,Jw7jUZ4IBgVricfiK2RN
,NMm07ka3XBMO7S0N6T7y,2024-02-09 13:54:56.616000+00:00,Architectes,veille technologique & conseils,Accompagnement personnalisé,a2fgrRlUmdUpM7Y45ApUrvjnpTk2,2024-02-09 13:54:57.223000+00:00,m9efa6bdwh24az6SlL9K,Affiche,50000,Kl7HVLanuAPtHV8lyNIY
https://firebasestorage.googleapis.com/v0/b/dhoola-4b710.appspot.com/o/services%2FServicesLEhZmXSk6l3Z5AxNZ1Qx.jpg?alt=media&token=9f1ed070-c402-4910-b729-e7ab22cc4049,R3XawjusHQ57Mla9yIcm,2023-06-06 20:27:42.349000+00:00,Tout dans l'événementiel,Location jour dans la ville et hors ville avec chauffeur,location pick-up Premium,MqOc124jRTc4TXYOfHlEbTreCSa2,2024-06-03 17:28:16.241000+00:00,KZyZa9pEBuGrFOp4Vweq,Affiche,100000,LEhZmXSk6l3Z5AxNZ1Qx
https://firebasestorage.googleapis.com/v0/b/dhoola-4b710.appspot.com/o/services%2FServicesLGvxFddWjLky3AT31VZV.jpg?alt=media&token=68c3a5d0-5786-4fbd-a2da-6b1cac9d6ce3,H1rNSqdq9p7Ptonzir0W,2023-10-13 15:31:18.519000+00:00,ALIMENTAIRE,Macaroni 250g*40,Macaroni,dOejW7bfDveOviZE3toZ1V9iBND2,2023-10-13 15:33:08.208000+00:00,YJPGNNffL2VFqwmdoFFG,Affiche,9000,LGvxFddWjLky3AT31VZV
https://firebasestorage.googleapis.com/v0/b/dhoola-4b710.appspot.com/o/services%2FServicesLTLaM5WMBcOnzaR9DXSf.jpg?alt=media&token=abeba656-d128-415d-a611-4339874518b3,eOl1l1Abvz8xoq5ABwtt,2023-09-15 10:25:49.334000+00:00,MÉDECINS & DENTISTES,Extractions dentaires simple,CHIRURGIE DENTAIRE,bKqHDmwn88ZRIWJfIBrzjllY6FP2,2023-09-22 19:13:57.079000+00:00,C3frxp2RDJ2quWKc9mqN,Affiche,12000,LTLaM5WMBcOnzaR9DXSf
,eOl1l1Abvz8xoq5ABwtt,2024-01-04 10:12:29.978000+00:00,Médecins & Dentistes,Consultation dentaire et une radio diagnostic au besoin,Consultation,9LCV7b4LZdhlrAtFBn9tJzoxu0p2,2024-01-04 10:12:30.302000+00:00,C3frxp2RDJ2quWKc9mqN,Affiche,15000,M4Yagg9jsKo21GUcZojd
https://firebasestorage.googleapis.com/v0/b/dhoola-4b710.appspot.com/o/services%2FServicesMpuw0zyhTvrItWV1pRVv.jpg?alt=media&token=aeca664d-c076-4c1b-b868-bfd104b1fbad,eOl1l1Abvz8xoq5ABwtt,2023-09-22 18:53:57.699000+00:00,MÉDECINS & DENTISTES,Blanchiment Dentaire,ESTHÉTIQUE DENTAIRE,bKqHDmwn88ZRIWJfIBrzjllY6FP2,2023-09-22 18:58:35.676000+00:00,C3frxp2RDJ2quWKc9mqN,Affiche,100000,Mpuw0zyhTvrItWV1pRVv
,fNm6RTc6SfFtjJ73hnTx,2023-05-03 12:05:32.698000+00:00,Salons d'esthétique,Soin de visage avec extractions,Soin du visage classique,NB0X9FrKDRSGQJGnee7LaBDKCbM2,2023-09-21 16:27:54.673000+00:00,RF0Gh7aSA6hQiQ4ltqoX,Affiche,12000,N94H1POJlPfJqKTy6Ejr
https://firebasestorage.googleapis.com/v0/b/dhoola-4b710.appspot.com/o/services%2FServicesN9SoCP77Q5HmggdRN7fn.jpg?alt=media&token=4dc06479-230f-4b57-a58b-77387cf2608c,H1rNSqdq9p7Ptonzir0W,2023-10-13 10:29:33.112000+00:00,Alimentaire,Riz Neima thaïlandais (grains d'or) 5% brisure long grain,RIZ,dOejW7bfDveOviZE3toZ1V9iBND2,2023-10-13 10:53:53.744000+00:00,YJPGNNffL2VFqwmdoFFG,Affiche,25000,N9SoCP77Q5HmggdRN7fn
,H1rNSqdq9p7Ptonzir0W,2023-10-10 16:55:07.280000+00:00,Alimentaire,un panier d'une valeur de 10000 francs non remboursable,bon d'achat,L2k6Q8chTrMpp4zuSDZuDP5EQmU2,2023-10-10 16:55:59.899000+00:00,YJPGNNffL2VFqwmdoFFG,Affiche,10000,NGSvdck0CXHrriERFKI5
,fNm6RTc6SfFtjJ73hnTx,2023-10-30 20:44:51.906000+00:00,Salons d'esthétique,Bon d’achat non remboursable,Bon d’achat,cxDNgbdr4IQDKtFMCsEvmuMLjQ52,2023-10-30 20:44:52.220000+00:00,RF0Gh7aSA6hQiQ4ltqoX,Affiche,20000,NRPYzHDBgqwNpqEPVbSr
https://firebasestorage.googleapis.com/v0/b/dhoola-4b710.appspot.com/o/services%2FServicesO21Y0PR2U7jrrnRjs1TM.jpg?alt=media&token=2a89a600-ace0-470a-b17b-3d3106b570f3,R3XawjusHQ57Mla9yIcm,2023-06-06 14:15:37.810000+00:00,Tout dans l'événementiel,location journalière dans la ville avec chauffeur,Location courte et longue durée,MqOc124jRTc4TXYOfHlEbTreCSa2,2024-06-03 17:28:16.241000+00:00,KZyZa9pEBuGrFOp4Vweq,Affiche,40000,O21Y0PR2U7jrrnRjs1TM
https://firebasestorage.googleapis.com/v0/b/dhoola-4b710.appspot.com/o/services%2FServicesO2mJnyjPh2TuIw2NALkm.jpg?alt=media&token=7dddb20c-c1c6-4fd3-a4cd-e38b0bf897d6,tT8yKDzWw4zoQtl2g6gm,2024-03-10 21:21:29.311000+00:00,SERVICES DIVERS,Livraison manuel sous systèmes francophone et anglophon,Livraison de livres homologués 🇨🇲,GNSun0UsCpbCzARwv4EK5xJqiXv2,2024-03-10 23:08:48.546000+00:00,3wdruIJ01ALCZxosRmpU,Affiche,40000,O2mJnyjPh2TuIw2NALkm
https://firebasestorage.googleapis.com/v0/b/dhoola-4b710.appspot.com/o/services%2FServicesOBCgZWSDM12Cz3yMoQfb.jpg?alt=media&token=689ed1a4-e981-44d1-8050-365c742c3b07,eOl1l1Abvz8xoq5ABwtt,2023-09-22 18:12:43.596000+00:00,MÉDECINS & DENTISTES,Reconstitution couronne 2 Faces,RECONSTITUTION DE COURONNE,bKqHDmwn88ZRIWJfIBrzjllY6FP2,2023-09-22 18:53:11.472000+00:00,C3frxp2RDJ2quWKc9mqN,Affiche,12000,OBCgZWSDM12Cz3yMoQfb
https://firebasestorage.googleapis.com/v0/b/dhoola-4b710.appspot.com/o/services%2FServicesOZMSHVqPRU7CX39FHVZh.jpg?alt=media&token=eff58272-5ec8-4464-8d26-f783527cbd66,fNm6RTc6SfFtjJ73hnTx,2023-11-10 13:54:33.448000+00:00,SALONS DE COIFFURE,Soin + coiffure sans rajouts + massage relaxant,Package bronze,BzDA4Bq79ofqZsDOplwQYIyeTwH2,2023-11-10 13:56:41.692000+00:00,6rpkh8W5T2XyNQbvuCPd,Affiche,20000,OZMSHVqPRU7CX39FHVZh
,H1rNSqdq9p7Ptonzir0W,2023-10-30 20:17:56.702000+00:00,Alimentaire,Bon d'achat non remboursable,Bon d'achat,OkGUcgYjDsf0Cec8YYCvQOsFs223,2023-10-30 20:17:57.013000+00:00,YJPGNNffL2VFqwmdoFFG,Affiche,40000,OZxDKVPU9H3oy5fAg65L
,fNm6RTc6SfFtjJ73hnTx,2024-05-24 07:29:14.921000+00:00,Salons d'esthétique,soins anti acnée,soins du visage,4OU8k1M6xDaTwc4nbaCoRBE96wt1,2024-05-24 07:29:15.243000+00:00,RF0Gh7aSA6hQiQ4ltqoX,Affiche,16000,OfjgLvWv2ToUbW3w3onM
https://firebasestorage.googleapis.com/v0/b/dhoola-4b710.appspot.com/o/services%2FServicesPIftBXJmMgCIFPxQTrAz.jpg?alt=media&token=f11d522f-23b7-4fcf-ada0-590fb07aea7f,fNm6RTc6SfFtjJ73hnTx,2023-06-14 12:56:06.723000+00:00,Salons d'esthétique,Avec cils naturels et pose lentilles aux choix,maquillage  avec déplacement possible,G4uE8F24qFbzbckOuVFng9NtCCK2,2023-09-21 16:27:54.673000+00:00,RF0Gh7aSA6hQiQ4ltqoX,Affiche,25000,PIftBXJmMgCIFPxQTrAz
,fNm6RTc6SfFtjJ73hnTx,2023-04-24 11:17:56.288000+00:00,Salons d'esthétique,Soin permettant de nettoyer et embellir les pieds,Pédicure,QngL02SxlmNaCVZS1677HBg6lEX2,2023-09-21 16:27:54.674000+00:00,RF0Gh7aSA6hQiQ4ltqoX,Affiche,10000,PJ9zg0nZOBzxKn6jnma3
,eOl1l1Abvz8xoq5ABwtt,2023-09-15 10:34:41.135000+00:00,Médecins & Dentistes,prise en charge des fractures mandibulaire par contention,FRACTURE MANDIBULAIRE,bKqHDmwn88ZRIWJfIBrzjllY6FP2,2023-09-21 16:54:37.193000+00:00,C3frxp2RDJ2quWKc9mqN,Affiche,250000,PiyWc2qwD294Rm05VogV
,fNm6RTc6SfFtjJ73hnTx,2024-05-24 07:28:49.322000+00:00,Salons d'esthétique,soins éclat,soins du visage,4OU8k1M6xDaTwc4nbaCoRBE96wt1,2024-05-24 07:28:49.648000+00:00,RF0Gh7aSA6hQiQ4ltqoX,Affiche,16000,Q1M4Y5ngGlXgEQhe5znv
,R3XawjusHQ57Mla9yIcm,2023-07-12 11:01:13.622000+00:00,Tout dans l'événementiel,"STAND RESTAURATION 3.6m²
",Stand,VcHCeXzJnQQJemdNO9cAnZtRWWe2,2024-06-03 17:28:16.242000+00:00,KZyZa9pEBuGrFOp4Vweq,Affiche,150000,Q66HnwhIllaoxj0KJYC6
,eOl1l1Abvz8xoq5ABwtt,2024-02-19 18:40:44.553000+00:00,Cliniques,Soins à domicile et suivi médical tous les trimestres,MedAssist 6,ydHIOCbDC8fn6aPwEVqszjXHSRk2,2024-02-19 18:40:44.812000+00:00,jWwIcd1tNfkAaJo62njO,Affiche,100000,Q7rRNRXMEEXRTA8ZB8rI
https://firebasestorage.googleapis.com/v0/b/dhoola-4b710.appspot.com/o/services%2FServicesQ9QriIPX27rTlgHQ3xN7.jpg?alt=media&token=330853ce-71f7-48cf-9f77-f3de28b9fc8c,tT8yKDzWw4zoQtl2g6gm,2024-05-19 00:42:20.346000+00:00,SERVICES DIVERS,"Vraies perles_de_culture 
CubicZirconia 
N'irritent pas",Boucles d'oreilles Queena,uXnnBb0D5yZiOrroCy3JCZ6FxPR2,2024-05-19 00:45:50.333000+00:00,3wdruIJ01ALCZxosRmpU,Affiche,14000,Q9QriIPX27rTlgHQ3xN7
,fNm6RTc6SfFtjJ73hnTx,2024-05-24 07:31:47.755000+00:00,Salons d'esthétique,soins anti âge,soins du visage,4OU8k1M6xDaTwc4nbaCoRBE96wt1,2024-05-24 07:31:48.081000+00:00,RF0Gh7aSA6hQiQ4ltqoX,Affiche,20000,QLdSQAMG869jy2enR7fo
https://firebasestorage.googleapis.com/v0/b/dhoola-4b710.appspot.com/o/services%2FServicesQMw0BKMsC9ngGBZ76EW1.jpg?alt=media&token=e09f8835-f3fc-4798-82eb-99eb37f51a5d,eOl1l1Abvz8xoq5ABwtt,2023-09-15 10:32:59.809000+00:00,MÉDECINS & DENTISTES,examen de radiographie rétro alvéolaire,RADIOGRAPHIE DENTAIRE,bKqHDmwn88ZRIWJfIBrzjllY6FP2,2023-09-22 18:48:18.211000+00:00,C3frxp2RDJ2quWKc9mqN,Affiche,5000,QMw0BKMsC9ngGBZ76EW1
,R3XawjusHQ57Mla9yIcm,2023-04-04 13:20:05.023000+00:00,Services traiteurs,association de 2 gâteaux aux  saveurs délicieuses,gâteaux étages,lyhs4mibhVZJQnmsWKgmmulgZXv2,2023-09-21 15:02:39.951000+00:00,JnzHTPdXIKHZfSHEBZi2,Affiche,50000,QQKh8hyM9j8WXhxTw6Zg
https://firebasestorage.googleapis.com/v0/b/dhoola-4b710.appspot.com/o/services%2FServicesQRzIP7fKDWw4qqhCqvZv.jpg?alt=media&token=d55ba8a6-2be7-4e58-b1cf-7aba66a7d2e8,eOl1l1Abvz8xoq5ABwtt,2023-09-14 17:41:19.280000+00:00,CLINIQUES,CONSULTATION BUCCO-DENTAIRE,SOINS BUCCO-DENTAIRES,bKqHDmwn88ZRIWJfIBrzjllY6FP2,2023-09-22 18:37:20.478000+00:00,jWwIcd1tNfkAaJo62njO,Affiche,10000,QRzIP7fKDWw4qqhCqvZv
,NMm07ka3XBMO7S0N6T7y,2024-03-05 19:50:12.027000+00:00,Ameublement,"Composition des paniers et livraison
Demandes diverses",Paniers suprises,YonCMibRxZa6KyexHXnT1aVhx5h2,2024-03-05 19:50:12.714000+00:00,xrIvvNLPdmEa5LGyevNf,Affiche,35000,QVmVl94c864NUfnkEOlU
,fNm6RTc6SfFtjJ73hnTx,2023-04-24 11:12:38.310000+00:00,Salons d'esthétique,"Soin permettant de nettoyer, raffermir, tonifier, hydrater ",Soin de visage,QngL02SxlmNaCVZS1677HBg6lEX2,2023-09-21 16:27:54.674000+00:00,RF0Gh7aSA6hQiQ4ltqoX,Affiche,10000,QZ7j1MbmAhopnXfWQpRY
https://firebasestorage.googleapis.com/v0/b/dhoola-4b710.appspot.com/o/services%2FServicesQbNykIKfiLAR7C65hUVi.jpg?alt=media&token=1a39c536-82e1-4ee8-8478-c9b54d04d285,R3XawjusHQ57Mla9yIcm,2023-06-06 20:11:50.444000+00:00,Tout dans l'événementiel,"pick up/drop off aéroport,dépôt,course horaire,hors ville ",location taxi en Berline classique,MqOc124jRTc4TXYOfHlEbTreCSa2,2024-06-03 17:28:16.242000+00:00,KZyZa9pEBuGrFOp4Vweq,Affiche,8000,QbNykIKfiLAR7C65hUVi
,fNm6RTc6SfFtjJ73hnTx,2023-04-24 11:11:24.563000+00:00,Salons d'esthétique,Soin consistant à enlever les poils sur la peau,"Épilation (visage, maillot, jambes...)",QngL02SxlmNaCVZS1677HBg6lEX2,2023-09-21 16:27:54.674000+00:00,RF0Gh7aSA6hQiQ4ltqoX,Affiche,10000,QjMwLSobpU9wZG7QrVyC
,NMm07ka3XBMO7S0N6T7y,2024-02-09 13:51:36.794000+00:00,Architectes,Développer des solutions architecturales innovantes,Évaluation de l’architecture existante,a2fgrRlUmdUpM7Y45ApUrvjnpTk2,2024-02-09 13:51:37.799000+00:00,m9efa6bdwh24az6SlL9K,Affiche,50000,QoNDpBF9adj7dOszRcCG
https://firebasestorage.googleapis.com/v0/b/dhoola-4b710.appspot.com/o/services%2FServicesQpGMc8gYdqTtcHY62LKI.jpg?alt=media&token=a4409d7d-be64-4378-8401-99863029f799,tT8yKDzWw4zoQtl2g6gm,2024-01-26 12:31:18.925000+00:00,SERVICES DIVERS,"SERVICES A LA TACHE
CUISINE (1 Repas)",SERVICES A LA TACHE,l49kJrXNLwUnd6iMMXHwhL9RxY43,2024-01-28 20:50:39.144000+00:00,3wdruIJ01ALCZxosRmpU,Affiche,5000,QpGMc8gYdqTtcHY62LKI
https://firebasestorage.googleapis.com/v0/b/dhoola-4b710.appspot.com/o/services%2FServicesRVygOhQEroh3QrwNN0Yx.jpg?alt=media&token=4069141c-696b-4def-8629-b75750009d59,H1rNSqdq9p7Ptonzir0W,2023-10-13 15:35:43.764000+00:00,ALIMENTAIRE,Sardine à huile végétale marque citadelle 125g*50,Sardine,dOejW7bfDveOviZE3toZ1V9iBND2,2023-10-13 15:37:41.977000+00:00,YJPGNNffL2VFqwmdoFFG,Affiche,18000,RVygOhQEroh3QrwNN0Yx
https://firebasestorage.googleapis.com/v0/b/dhoola-4b710.appspot.com/o/services%2FServicesRYzJS4nyFb6HuKIAO3JJ.jpg?alt=media&token=5441cbf8-8868-4c4d-84ab-243e064d25d9,tT8yKDzWw4zoQtl2g6gm,2024-01-26 12:41:44.355000+00:00,SERVICES DIVERS,"GARDE D'ENFANTS
(5 heures de garde)",SERVICE A LA PERSONNE,l49kJrXNLwUnd6iMMXHwhL9RxY43,2024-01-28 20:24:11.927000+00:00,3wdruIJ01ALCZxosRmpU,Affiche,3000,RYzJS4nyFb6HuKIAO3JJ
,eOl1l1Abvz8xoq5ABwtt,2023-11-06 15:40:27.802000+00:00,Médecins & Dentistes,"examens cliniques et paracliniques, ordonnance médicale ",consultation à domicile,lzJZu55ciXTnG5Z6uhVrdN6cvFI2,2023-11-06 15:40:28.545000+00:00,C3frxp2RDJ2quWKc9mqN,Affiche,10000,SOmQ6IUcvDmWPOZeeamm
https://firebasestorage.googleapis.com/v0/b/dhoola-4b710.appspot.com/o/services%2FServicesSXMk6Ra7MZsokOKXfY8j.jpg?alt=media&token=905b7462-4ed0-47d4-9eeb-f59e2ea5bb40,eOl1l1Abvz8xoq5ABwtt,2023-09-15 10:31:09.795000+00:00,MÉDECINS & DENTISTES,Appareils dentaires/ Alignement Dentaire/bagues Dentaire,ORTHODONTIE,bKqHDmwn88ZRIWJfIBrzjllY6FP2,2023-09-22 18:39:11.122000+00:00,C3frxp2RDJ2quWKc9mqN,Affiche,400000,SXMk6Ra7MZsokOKXfY8j
https://firebasestorage.googleapis.com/v0/b/dhoola-4b710.appspot.com/o/services%2FServicesSaEVYX314n41MvRgsRcq.jpg?alt=media&token=6bb155c1-980e-43e1-aa58-c1fbe707d424,eOl1l1Abvz8xoq5ABwtt,2024-05-13 15:47:05.709000+00:00,MÉDECINS & DENTISTES,visite de routine ophtalmologique,Consultation Ophtalmologique,8IdObyUObkebKXmJVyrvAbqSQjo2,2024-05-13 15:47:28.628000+00:00,C3frxp2RDJ2quWKc9mqN,Affiche,15000,SaEVYX314n41MvRgsRcq
https://firebasestorage.googleapis.com/v0/b/dhoola-4b710.appspot.com/o/services%2FServicesScTUzD8nNbZjibbA0ANP.jpg?alt=media&token=1d2ff69d-4f68-4057-95e0-d42dc1fccc32,H1rNSqdq9p7Ptonzir0W,2023-10-13 15:27:33.667000+00:00,Alimentaire,Macaroni Pasta Ricco 250g*20,macaroni,dOejW7bfDveOviZE3toZ1V9iBND2,2023-10-13 15:28:17.974000+00:00,YJPGNNffL2VFqwmdoFFG,Affiche,4500,ScTUzD8nNbZjibbA0ANP
,fNm6RTc6SfFtjJ73hnTx,2023-12-01 05:06:43.373000+00:00,Salons d'esthétique,"Gel extra doux à l’amande 

1L",Gel douche à l’amande douce,cxDNgbdr4IQDKtFMCsEvmuMLjQ52,2023-12-01 05:06:43.940000+00:00,RF0Gh7aSA6hQiQ4ltqoX,Affiche,6700,T5b6dONStszvEAeIwb4T
,eOl1l1Abvz8xoq5ABwtt,2023-11-02 12:29:45.840000+00:00,Médecins & Dentistes,"consultations médicales
suivi a domicile 
suivi externe ",médecin,eqVRCGB0etRAiheg44A0jnSQcSm2,2023-11-02 12:29:46.420000+00:00,C3frxp2RDJ2quWKc9mqN,Affiche,15000,TIDZ4bTgtCCdP11P2iGe
https://firebasestorage.googleapis.com/v0/b/dhoola-4b710.appspot.com/o/services%2FServicesTSPPcABRp2rJggiHxjzT.jpg?alt=media&token=de8f395c-00c1-48f2-9c05-0fc854940ee6,tT8yKDzWw4zoQtl2g6gm,2024-01-26 12:30:04.605000+00:00,SERVICES DIVERS,"SERVICE A LA TACHE
MENAGE (Jounalier)",SERVICE A LA TACHE,l49kJrXNLwUnd6iMMXHwhL9RxY43,2024-01-28 20:51:05.353000+00:00,3wdruIJ01ALCZxosRmpU,Affiche,3000,TSPPcABRp2rJggiHxjzT
https://firebasestorage.googleapis.com/v0/b/dhoola-4b710.appspot.com/o/services%2FServicesTWiD8WP6i7fJQwSZG9p4.jpg?alt=media&token=df9ad696-ea41-4479-a2a6-38186c748992,eOl1l1Abvz8xoq5ABwtt,2023-09-15 10:29:15.619000+00:00,MÉDECINS & DENTISTES,Prothèses amovibles résine,PROTHÈSES DENTAIRES AMOVIBLES,bKqHDmwn88ZRIWJfIBrzjllY6FP2,2023-09-22 18:42:33.734000+00:00,C3frxp2RDJ2quWKc9mqN,Affiche,60000,TWiD8WP6i7fJQwSZG9p4
,fNm6RTc6SfFtjJ73hnTx,2023-04-10 19:36:44.264000+00:00,Salons d'esthétique,un masque au charbon qui retire tout le comodon du visage,masque de jouvence,utuqLNy1UuZLgy5eK33EeFqk4Fb2,2023-09-21 16:27:54.674000+00:00,RF0Gh7aSA6hQiQ4ltqoX,Affiche,1500,ThDZe2h6DKq1G1BpR8SB
,eOl1l1Abvz8xoq5ABwtt,2023-11-11 11:49:41.643000+00:00,Médecins & Dentistes,3 consultations par mois et en cas d'urgence à la demande,suivi mensuel a domiclle,8csk9oamgnRpOQOjvntjGabvwNh1,2023-11-11 11:49:42.291000+00:00,C3frxp2RDJ2quWKc9mqN,Affiche,50000,U8gRrJg1PP71vuE119k1
,eOl1l1Abvz8xoq5ABwtt,2023-11-17 16:22:55.998000+00:00,Médecins & Dentistes,prise des paramètres biologiques et consultations,consultations à domicile,YjQ2OgdK3GO4MZMwC8x0MIZLP9v2,2023-11-17 16:22:58.561000+00:00,C3frxp2RDJ2quWKc9mqN,Affiche,10000,UeniTwKYODrdK72V7hnj
https://firebasestorage.googleapis.com/v0/b/dhoola-4b710.appspot.com/o/services%2FServicesUqk6NgtTatYL8jSw5KNF.jpg?alt=media&token=f6cc8e01-b643-46b9-9403-9d95e28a6e07,eOl1l1Abvz8xoq5ABwtt,2023-09-22 18:13:27.660000+00:00,MÉDECINS & DENTISTES,Reconstitution couronne 3 faces,RECONSTITUTIONS DE COURONNE,bKqHDmwn88ZRIWJfIBrzjllY6FP2,2023-09-22 18:44:54.716000+00:00,C3frxp2RDJ2quWKc9mqN,Affiche,18000,Uqk6NgtTatYL8jSw5KNF
,fNm6RTc6SfFtjJ73hnTx,2023-05-03 12:15:43.009000+00:00,Salons d'esthétique,Soin des pieds,Pédicure,NB0X9FrKDRSGQJGnee7LaBDKCbM2,2023-09-21 16:27:54.674000+00:00,RF0Gh7aSA6hQiQ4ltqoX,Affiche,10000,VOxsekVSngmRVLylKW34
,tT8yKDzWw4zoQtl2g6gm,2024-05-19 00:56:14.775000+00:00,SERVICES DIVERS,"Argent925-rhodié 
Vraies perles_de_culture 
CubicZirconia ",Boucles d'oreilles Sheila,uXnnBb0D5yZiOrroCy3JCZ6FxPR2,2024-05-22 00:19:34.602000+00:00,3wdruIJ01ALCZxosRmpU,Affiche,14000,Vi4lYjheTJqsn6hGtpvg
https://firebasestorage.googleapis.com/v0/b/dhoola-4b710.appspot.com/o/services%2FServicesVmCImLLe25kBzAuUI8ny.jpg?alt=media&token=99650790-f69a-445f-921b-ad1ef8a9c520,fNm6RTc6SfFtjJ73hnTx,2023-06-14 12:59:06.283000+00:00,Salons d'esthétique,Formations professionnelles en maquillage,FORMATION PROFESSIONNELLE,G4uE8F24qFbzbckOuVFng9NtCCK2,2023-09-21 16:27:54.674000+00:00,RF0Gh7aSA6hQiQ4ltqoX,Affiche,150000,VmCImLLe25kBzAuUI8ny
https://firebasestorage.googleapis.com/v0/b/dhoola-4b710.appspot.com/o/services%2FServicesVwSULI32LBwu31wE1A9P.jpg?alt=media&token=b80e0dfe-89bc-4d4c-a869-edb5441b43b0,H1rNSqdq9p7Ptonzir0W,2023-10-13 15:39:17.454000+00:00,ALIMENTAIRE,Pacha Spaghetti 500g*20 (pâte de semoule de blé dur),Pâtes alimentaires,dOejW7bfDveOviZE3toZ1V9iBND2,2023-10-13 15:43:41.814000+00:00,YJPGNNffL2VFqwmdoFFG,Affiche,6500,VwSULI32LBwu31wE1A9P
,fNm6RTc6SfFtjJ73hnTx,2023-04-24 11:16:17.116000+00:00,Salons d'esthétique,Nous disposons d'un salon de coiffure homme et femme.,Coiffure mixte,QngL02SxlmNaCVZS1677HBg6lEX2,2023-09-21 16:27:54.675000+00:00,RF0Gh7aSA6hQiQ4ltqoX,Affiche,2500,W9AWSesxQLAnphwB4VAe
https://firebasestorage.googleapis.com/v0/b/dhoola-4b710.appspot.com/o/services%2FServicesWK9Zk0hJcOQdzA7tRu8k.jpg?alt=media&token=2a9be8c4-548d-4887-9e33-89583fbf70a8,tT8yKDzWw4zoQtl2g6gm,2024-03-10 21:25:33.207000+00:00,SERVICES DIVERS,Catalogue & livre éducatif de 3 à 16 ans,Livres éducatifs 📚,GNSun0UsCpbCzARwv4EK5xJqiXv2,2024-03-10 23:10:16.688000+00:00,3wdruIJ01ALCZxosRmpU,Affiche,3000,WK9Zk0hJcOQdzA7tRu8k
,fNm6RTc6SfFtjJ73hnTx,2024-05-24 07:43:38.619000+00:00,Salons d'esthétique,make up à domicile,regard,4OU8k1M6xDaTwc4nbaCoRBE96wt1,2024-05-24 07:43:38.967000+00:00,RF0Gh7aSA6hQiQ4ltqoX,Affiche,15000,WLdm54SsyYZ76cMe1K3k
https://firebasestorage.googleapis.com/v0/b/dhoola-4b710.appspot.com/o/services%2FServicesWv3dChpt96mtN5vr6GGY.jpg?alt=media&token=bbf715db-a86e-4f51-8303-5938473c0927,R3XawjusHQ57Mla9yIcm,2023-06-06 20:22:38.958000+00:00,Tout dans l'événementiel,location dans la ville et hors de la ville avec chauffeur,location jour en Pick-up,MqOc124jRTc4TXYOfHlEbTreCSa2,2024-06-03 17:28:16.243000+00:00,KZyZa9pEBuGrFOp4Vweq,Affiche,70000,Wv3dChpt96mtN5vr6GGY
https://firebasestorage.googleapis.com/v0/b/dhoola-4b710.appspot.com/o/services%2FServicesX9lCaPfwY6Doi9lZKDXF.jpg?alt=media&token=229fddc4-cf44-4b4f-9539-da90aa3b6dd0,eOl1l1Abvz8xoq5ABwtt,2024-02-14 11:39:53.900000+00:00,Cliniques,Recueil des antécédents et Évaluation clinique complète,Consultation médicale,ydHIOCbDC8fn6aPwEVqszjXHSRk2,2024-02-19 18:24:40.511000+00:00,jWwIcd1tNfkAaJo62njO,Affiche,15000,X9lCaPfwY6Doi9lZKDXF
https://firebasestorage.googleapis.com/v0/b/dhoola-4b710.appspot.com/o/services%2FServicesXATL1wE7rbUJfDox7rwb.jpg?alt=media&token=105c76c7-8601-49ec-9d0c-ce515e992b8b,NMm07ka3XBMO7S0N6T7y,2023-11-14 13:31:22.583000+00:00,AMEUBLEMENT,tout un appartement pour satisfaire votre quiétude,appartement meublé,Ufbq6uDgbrh1edZcb3VJHY7nIo62,2023-11-14 13:31:45.517000+00:00,xrIvvNLPdmEa5LGyevNf,Affiche,75000,XATL1wE7rbUJfDox7rwb
https://firebasestorage.googleapis.com/v0/b/dhoola-4b710.appspot.com/o/services%2FServicesXMSpTLwjimbfDUFWpdbx.jpg?alt=media&token=5d313251-de99-417f-bd9a-b5d094557513,H1rNSqdq9p7Ptonzir0W,2023-10-17 10:34:08.489000+00:00,ALIMENTAIRE,Sel Sasel fin (format 18kg),sel,dOejW7bfDveOviZE3toZ1V9iBND2,2023-10-17 10:36:55.986000+00:00,YJPGNNffL2VFqwmdoFFG,Affiche,2700,XMSpTLwjimbfDUFWpdbx
,fNm6RTc6SfFtjJ73hnTx,2024-05-24 07:34:37.168000+00:00,Salons d'esthétique,Haïr needling ( chutes de cheveux),soins cheveux,4OU8k1M6xDaTwc4nbaCoRBE96wt1,2024-05-24 07:34:37.493000+00:00,RF0Gh7aSA6hQiQ4ltqoX,Affiche,30000,XXi29sJaHSSvy7dXPIe9
https://firebasestorage.googleapis.com/v0/b/dhoola-4b710.appspot.com/o/services%2FServicesXeLwMESCVYdbPAsV7C3x.jpg?alt=media&token=8516965a-84d9-4067-aa68-8a7143b9bbdd,NMm07ka3XBMO7S0N6T7y,2023-06-16 07:44:35.966000+00:00,Architectes,maison écologique en harmonie avec la nature.,Maison de campagne,ZYJmkeL88LUSiU0CecsEVLIbKbg2,2023-09-21 16:16:14.122000+00:00,m9efa6bdwh24az6SlL9K,Affiche,10000000,XeLwMESCVYdbPAsV7C3x
https://firebasestorage.googleapis.com/v0/b/dhoola-4b710.appspot.com/o/services%2FServicesXgeC92hetr1wFCXX838l.jpg?alt=media&token=db866beb-2fc0-46ed-8b9e-c4254a0b7d89,H1rNSqdq9p7Ptonzir0W,2024-04-06 01:40:37.905000+00:00,Alimentaire,service café ☕ boissons chaudes et sandwichs,"Vidal's, coffee ☕ & breakfast ",EwB5XKeGHVT0TvbZ3IMLVxNFtZE3,2024-04-15 19:22:27.705000+00:00,YJPGNNffL2VFqwmdoFFG,Affiche,125,XgeC92hetr1wFCXX838l
https://firebasestorage.googleapis.com/v0/b/dhoola-4b710.appspot.com/o/services%2FServicesY2vorbw5IQLk6MCSVEKf.jpg?alt=media&token=779c03fd-9f72-42c8-8c09-5e47c6a10d86,eOl1l1Abvz8xoq5ABwtt,2023-11-23 22:46:10.110000+00:00,MÉDECINS & DENTISTES,DÉTARTRAGE DENTAIRE +BLANCHIMENT DENTAIRE,OFFRE DÉCEMBRE,bKqHDmwn88ZRIWJfIBrzjllY6FP2,2023-11-23 22:53:20.370000+00:00,C3frxp2RDJ2quWKc9mqN,Affiche,80000,Y2vorbw5IQLk6MCSVEKf
https://firebasestorage.googleapis.com/v0/b/dhoola-4b710.appspot.com/o/services%2FServicesZPyGquiiMT6amn910E0p.jpg?alt=media&token=83f904f9-af66-4fa3-a7e7-934ae53a0d88,H1rNSqdq9p7Ptonzir0W,2023-10-20 19:05:09.944000+00:00,Alimentaire,bouillon de porc epic avec tubercules bouillis,Bouillon de porc epic,xZDi4UFLHvY6uriFTcJL3UVHtb23,2023-10-20 19:11:12.869000+00:00,YJPGNNffL2VFqwmdoFFG,Affiche,2500,ZPyGquiiMT6amn910E0p
,fNm6RTc6SfFtjJ73hnTx,2024-05-24 07:38:33.667000+00:00,Salons d'esthétique,traitement quintos,soins corporels,4OU8k1M6xDaTwc4nbaCoRBE96wt1,2024-05-24 07:38:34+00:00,RF0Gh7aSA6hQiQ4ltqoX,Affiche,25000,ZVNXnruS1pZPCvNFaOjy
,fNm6RTc6SfFtjJ73hnTx,2023-10-30 20:44:10.855000+00:00,Salons d'esthétique,Bon non remboursable,Bon d’achat,cxDNgbdr4IQDKtFMCsEvmuMLjQ52,2023-10-30 20:44:11.674000+00:00,RF0Gh7aSA6hQiQ4ltqoX,Affiche,10000,ZhsGRJBsROV8KN219Js3
,fNm6RTc6SfFtjJ73hnTx,2024-05-24 07:57:21.316000+00:00,Salons d'esthétique,épilation aisselles à la cire,soins,4OU8k1M6xDaTwc4nbaCoRBE96wt1,2024-05-24 07:57:22.006000+00:00,RF0Gh7aSA6hQiQ4ltqoX,Affiche,5000,ZvN6k2YMONB6Eh6rRYye
,fNm6RTc6SfFtjJ73hnTx,2024-05-24 07:40:54.934000+00:00,Salons d'esthétique,pédicure,soins,4OU8k1M6xDaTwc4nbaCoRBE96wt1,2024-05-24 07:40:55.278000+00:00,RF0Gh7aSA6hQiQ4ltqoX,Affiche,8000,aSFfplwJ8yTL4A4V42Lw
,fNm6RTc6SfFtjJ73hnTx,2024-05-24 07:33:11.727000+00:00,Salons d'esthétique,microneedling,soins du visage,4OU8k1M6xDaTwc4nbaCoRBE96wt1,2024-05-24 07:33:12.076000+00:00,RF0Gh7aSA6hQiQ4ltqoX,Affiche,35000,aaC1aduTixn9Iuvh7Vhi
https://firebasestorage.googleapis.com/v0/b/dhoola-4b710.appspot.com/o/services%2FServicesaakR9alhSGLDcTxnJpWr.jpg?alt=media&token=115d5fdd-f3e2-46e8-bc2f-8959ad037454,eOl1l1Abvz8xoq5ABwtt,2024-02-19 18:36:34.924000+00:00,CLINIQUES,Soins à domicile et suivi médical toutes les deux semaines.,MedAssit 3,ydHIOCbDC8fn6aPwEVqszjXHSRk2,2024-02-19 18:37:02.245000+00:00,jWwIcd1tNfkAaJo62njO,Affiche,650000,aakR9alhSGLDcTxnJpWr
https://firebasestorage.googleapis.com/v0/b/dhoola-4b710.appspot.com/o/services%2FServicesbhuH5yvFmeiJdAiltbu4.jpg?alt=media&token=dac70639-ea06-4eb6-82f5-9d988151ad46,tT8yKDzWw4zoQtl2g6gm,2024-05-19 00:07:01.082000+00:00,SERVICES DIVERS,"Argent925-rhodié 
CubicZirconia 
Ne change pas 
N'irrite pas",Collier Mariella,uXnnBb0D5yZiOrroCy3JCZ6FxPR2,2024-05-19 00:10:48.414000+00:00,3wdruIJ01ALCZxosRmpU,Affiche,16000,bhuH5yvFmeiJdAiltbu4
,H1rNSqdq9p7Ptonzir0W,2023-12-21 07:37:42.759000+00:00,Alimentaire,poulet entier frais 2kgs et+,poulet réformé,7M7SLCTcDPfmhxSU0k4E385ucuJ2,2023-12-21 07:40:35.516000+00:00,YJPGNNffL2VFqwmdoFFG,Affiche,6500,bkLedQ7RmvFSCppyNjak
https://firebasestorage.googleapis.com/v0/b/dhoola-4b710.appspot.com/o/services%2FServicescugyixG1C8d0VdA95RZD.jpg?alt=media&token=6cc3a06b-ff94-4921-bfc4-23ec7f88db8e,tT8yKDzWw4zoQtl2g6gm,2024-03-10 23:04:51.353000+00:00,SERVICES DIVERS,"Formation en design graphique (Suite adobe, Canva)",Formation,GNSun0UsCpbCzARwv4EK5xJqiXv2,2024-03-10 23:11:33.585000+00:00,3wdruIJ01ALCZxosRmpU,Affiche,50000,cugyixG1C8d0VdA95RZD
https://firebasestorage.googleapis.com/v0/b/dhoola-4b710.appspot.com/o/services%2FServicesd2ATDZKZu5JkZkhOHGnI.jpg?alt=media&token=3f0daade-28d5-47da-9cca-06a4ff3310da,H1rNSqdq9p7Ptonzir0W,2024-02-12 04:21:10.895000+00:00,ALIMENTAIRE,fleur artificielle,ROSE I LOVE YOU,6vKFwEf8eMRFjjSNrjJhssgZ15X2,2024-02-12 04:32:33.874000+00:00,YJPGNNffL2VFqwmdoFFG,Affiche,100,d2ATDZKZu5JkZkhOHGnI
,R3XawjusHQ57Mla9yIcm,2023-04-04 13:16:47.976000+00:00,Services traiteurs,une pièce montée faites de plusieurs somptueux gateaux,gâteau de mariage VIP,lyhs4mibhVZJQnmsWKgmmulgZXv2,2023-09-21 15:02:39.952000+00:00,JnzHTPdXIKHZfSHEBZi2,Affiche,500000,dHYoC0P0JrVVtGH12z6t
https://firebasestorage.googleapis.com/v0/b/dhoola-4b710.appspot.com/o/services%2FServicesdQcqQ6wU0D2UKAOId4fF.jpg?alt=media&token=3e9b2804-48bb-4f5b-89b7-fbbbab0865c4,eOl1l1Abvz8xoq5ABwtt,2023-10-03 14:14:59.076000+00:00,Laboratoires,Surveillance des différentes fonctions de l'organisme,Pack Personnes Âgées,cXO5RL7OGCXdQ2ad1tZZEXmb4vr2,2023-10-03 14:15:31.020000+00:00,XSMZkpA4YsDjsAB94SWu,Affiche,55000,dQcqQ6wU0D2UKAOId4fF
,fNm6RTc6SfFtjJ73hnTx,2023-04-24 11:19:29.765000+00:00,Salons d'esthétique,"Soin permettant d'allonger, de donner du volume à vos cils",Extension de cils,QngL02SxlmNaCVZS1677HBg6lEX2,2023-09-21 16:27:54.675000+00:00,RF0Gh7aSA6hQiQ4ltqoX,Affiche,20000,duwWYjnui7QOMEOzj2Bh
https://firebasestorage.googleapis.com/v0/b/dhoola-4b710.appspot.com/o/services%2FServiceseQJLaV5AznWdnuyqzV8z.jpg?alt=media&token=d0fef193-ef26-443d-a42e-267d48a317c8,R3XawjusHQ57Mla9yIcm,2024-02-26 21:47:41.381000+00:00,Tout dans l'événementiel,"Bouquets variés,uniques et disponibles. ",bouquets de fleurs,14320s4KGoT6JRe6JhYhKCA30062,2024-06-03 17:28:16.243000+00:00,KZyZa9pEBuGrFOp4Vweq,Affiche,30000,eQJLaV5AznWdnuyqzV8z
,fNm6RTc6SfFtjJ73hnTx,2024-05-24 07:33:38.092000+00:00,Salons d'esthétique,BB glow,soins du visage,4OU8k1M6xDaTwc4nbaCoRBE96wt1,2024-05-24 07:33:38.421000+00:00,RF0Gh7aSA6hQiQ4ltqoX,Affiche,32000,egzcZsIm0c173aOUnqYw
https://firebasestorage.googleapis.com/v0/b/dhoola-4b710.appspot.com/o/services%2FServicesejfkgt4adQEM1xE8moSc.jpg?alt=media&token=5444cfcc-e71c-4d38-a26f-befd118a5ed3,tT8yKDzWw4zoQtl2g6gm,2024-01-26 12:43:05.910000+00:00,SERVICES DIVERS,"GARDE MALADE
( 5 heures de garde)",SERVICE À LA PERSONNE,l49kJrXNLwUnd6iMMXHwhL9RxY43,2024-01-28 20:25:27.281000+00:00,3wdruIJ01ALCZxosRmpU,Affiche,3000,ejfkgt4adQEM1xE8moSc
,eOl1l1Abvz8xoq5ABwtt,2023-04-15 08:44:02.547000+00:00,KINÉSITHÉRAPEUTES,Body massage (soin à la fois relaxant et thérapeutique).,Soins à domicile,jPM73iTHDgVSbvlvwttEozwNIXJ3,2023-04-15 08:45:45.990000+00:00,kkjvZAJtoLaxiVNDU2VG,Affiche,65000,euUEH0vJAUj1gPn5fnKS
https://firebasestorage.googleapis.com/v0/b/dhoola-4b710.appspot.com/o/services%2FServicesf09GDGHN3aUHJSr7Co1O.jpg?alt=media&token=e2cd6197-d944-486d-bc56-a82e5534133e,NMm07ka3XBMO7S0N6T7y,2023-05-16 10:56:54.583000+00:00,Architectes,duplex de 160 M2 de type T3 haut standing,DPLX SH 01,ZYJmkeL88LUSiU0CecsEVLIbKbg2,2023-09-21 16:16:14.122000+00:00,m9efa6bdwh24az6SlL9K,Affiche,45000000,f09GDGHN3aUHJSr7Co1O
,H1rNSqdq9p7Ptonzir0W,2024-06-10 13:46:27.857000+00:00,Alimentaire,"Huile piquante Prête à consommer
Piment +Oignons+huile Mayor",Huile pimentée,11gwRhxyjDXP8bToBSnEbAXzfR62,2024-06-10 13:46:28.466000+00:00,YJPGNNffL2VFqwmdoFFG,Affiche,1300,fjXOp6rXc4rfYZQtJGdx
https://firebasestorage.googleapis.com/v0/b/dhoola-4b710.appspot.com/o/services%2FServicesfjp7KG38izzqOrpV5Yhc.jpg?alt=media&token=83c3bf77-e01e-4ae4-ac77-2752573bf2a5,H1rNSqdq9p7Ptonzir0W,2023-09-19 17:51:22.828000+00:00,Alimentaire,Poudre de curcuma,Curcuma,KL6xWV3btNYHA7neLDAODGhWGNj2,2023-09-21 14:48:18.628000+00:00,YJPGNNffL2VFqwmdoFFG,Affiche,2500,fjp7KG38izzqOrpV5Yhc
,eOl1l1Abvz8xoq5ABwtt,2023-04-11 11:29:31.888000+00:00,Opticiens,examen de vue.,planet Optic,ZYoHL3CBjsYenIpFVHHcF6oBjym2,2023-09-21 16:07:06.655000+00:00,hdJuxY3tWmuZySExmVKs,Affiche,5000,g2ATOmZjVI8LVNnrYVNr
,fNm6RTc6SfFtjJ73hnTx,2024-05-24 07:51:37.424000+00:00,Salons d'esthétique,soins hydrafacial,soins du visage,4OU8k1M6xDaTwc4nbaCoRBE96wt1,2024-05-24 07:51:38.176000+00:00,RF0Gh7aSA6hQiQ4ltqoX,Affiche,35000,gg9s0TNvHhDkPte6yQZ8
https://firebasestorage.googleapis.com/v0/b/dhoola-4b710.appspot.com/o/services%2FServicesgzVvRTJTNqdfGvp8hV7R.jpg?alt=media&token=69f65039-bad3-4c72-a90a-6a799539179f,eOl1l1Abvz8xoq5ABwtt,2023-09-22 17:58:33.216000+00:00,MÉDECINS & DENTISTES,Extraction dents de sagesses,CHIRURGIE DENTAIRE,bKqHDmwn88ZRIWJfIBrzjllY6FP2,2023-09-22 19:15:37.364000+00:00,C3frxp2RDJ2quWKc9mqN,Affiche,40000,gzVvRTJTNqdfGvp8hV7R
https://firebasestorage.googleapis.com/v0/b/dhoola-4b710.appspot.com/o/services%2FServiceshIVGVGOYvpVvCOG4uvRW.jpg?alt=media&token=847fe88f-09c2-4f61-a131-e5cd76ce7b64,H1rNSqdq9p7Ptonzir0W,2023-10-13 11:32:30.362000+00:00,Alimentaire,"Sucre en poudre 1kg*12 (carton)
",sucre,dOejW7bfDveOviZE3toZ1V9iBND2,2023-10-13 11:50:51.971000+00:00,YJPGNNffL2VFqwmdoFFG,Affiche,9000,hIVGVGOYvpVvCOG4uvRW
,fNm6RTc6SfFtjJ73hnTx,2023-05-03 12:11:56.535000+00:00,Salons d'esthétique,Massage 1 heure,Massage,NB0X9FrKDRSGQJGnee7LaBDKCbM2,2023-09-21 16:27:54.675000+00:00,RF0Gh7aSA6hQiQ4ltqoX,Affiche,20000,hZXlXjg5KXBfvJ7jVjlh
https://firebasestorage.googleapis.com/v0/b/dhoola-4b710.appspot.com/o/services%2FServiceshrYvQsFwSjNTUefKKTEg.jpg?alt=media&token=8d2b9ab0-3b32-4c23-bc02-fccc6e720fa8,eOl1l1Abvz8xoq5ABwtt,2023-10-03 13:47:18.608000+00:00,LABORATOIRES,Ensemble d'examens à faire pour le suivi d'une grossesse,Pack Femme Enceinte,cXO5RL7OGCXdQ2ad1tZZEXmb4vr2,2023-10-03 13:48:14.895000+00:00,XSMZkpA4YsDjsAB94SWu,Affiche,92500,hrYvQsFwSjNTUefKKTEg
https://firebasestorage.googleapis.com/v0/b/dhoola-4b710.appspot.com/o/services%2FServicesiGJhju7ZRuzxJAKfwKq0.jpg?alt=media&token=663e7cd3-01f2-482e-834a-e035c4b33ceb,tT8yKDzWw4zoQtl2g6gm,2024-01-26 12:40:20.635000+00:00,SERVICES DIVERS,"ENTRETIEN EXTÉRIEUR
(1 Soirée)",SERVICE ÉVENTUEL,l49kJrXNLwUnd6iMMXHwhL9RxY43,2024-01-28 20:58:35.604000+00:00,3wdruIJ01ALCZxosRmpU,Affiche,10000,iGJhju7ZRuzxJAKfwKq0
,R3XawjusHQ57Mla9yIcm,2023-06-01 14:21:33.620000+00:00,Tout dans l'événementiel,nous vous faisons vos shooting professionnel au studio ou ex,shooting photo,OiO8Jefyu6XfPJwYNRMpqVea1A03,2024-06-03 17:28:16.243000+00:00,KZyZa9pEBuGrFOp4Vweq,Affiche,10000,iHi9O42uHjraas9smwpa
,fNm6RTc6SfFtjJ73hnTx,2024-05-24 07:48:46.617000+00:00,Salons d'esthétique,épilation pince,regard,4OU8k1M6xDaTwc4nbaCoRBE96wt1,2024-05-24 07:48:46.920000+00:00,RF0Gh7aSA6hQiQ4ltqoX,Affiche,3000,iNUVsRBloPlnY1DYvFD3
,H1rNSqdq9p7Ptonzir0W,2023-12-19 18:09:58.976000+00:00,Alimentaire,transport du colis jusqu'au domicile du client dans la ville,livraison a domicile,KQXNz7BhnAe3r6JOjzxqihdoUyG3,2023-12-19 18:09:59.397000+00:00,YJPGNNffL2VFqwmdoFFG,Affiche,5000,jYUbnVAHgt8OHzSQTK21
https://firebasestorage.googleapis.com/v0/b/dhoola-4b710.appspot.com/o/services%2FServicesk0KeLa9AYfiW9Q4YfkD9.jpg?alt=media&token=23d02b99-1c6a-4c85-8419-6f1358243225,tT8yKDzWw4zoQtl2g6gm,2024-05-19 00:28:40.928000+00:00,SERVICES DIVERS,"Argent rhodié 925
Vraies perles_de_culture 
Ne change pas",Parure Shirley,uXnnBb0D5yZiOrroCy3JCZ6FxPR2,2024-05-19 00:31:52.357000+00:00,3wdruIJ01ALCZxosRmpU,Affiche,20000,k0KeLa9AYfiW9Q4YfkD9
https://firebasestorage.googleapis.com/v0/b/dhoola-4b710.appspot.com/o/services%2FServiceskZIzH8lziy0VaVBDlQ5k.jpg?alt=media&token=2eed10b4-a883-45d5-8195-00ddbeff7587,tT8yKDzWw4zoQtl2g6gm,2024-05-18 23:32:37.690000+00:00,SERVICES DIVERS,"Demi-Creoles
Argent925-rhodié 
CubicZirconia 
N'irrite pas ",Boucles d'oreilles Sheena,uXnnBb0D5yZiOrroCy3JCZ6FxPR2,2024-05-18 23:35:49.988000+00:00,3wdruIJ01ALCZxosRmpU,Affiche,13000,kZIzH8lziy0VaVBDlQ5k
https://firebasestorage.googleapis.com/v0/b/dhoola-4b710.appspot.com/o/services%2FServiceslFKwTXOxmbjYRwahV5ZC.jpg?alt=media&token=5b5e5656-0389-4fb4-ac6d-e8a24674e3e2,fNm6RTc6SfFtjJ73hnTx,2023-11-04 13:04:50.846000+00:00,SALONS DE COIFFURE,Soin réparateur + Coiffure sans rajouts,Package Coiffure Booster,BzDA4Bq79ofqZsDOplwQYIyeTwH2,2023-11-10 14:06:41.267000+00:00,6rpkh8W5T2XyNQbvuCPd,Affiche,15000,lFKwTXOxmbjYRwahV5ZC
,R3XawjusHQ57Mla9yIcm,2023-04-04 13:23:01.516000+00:00,Services traiteurs,plusieurs gâteaux magiquement montés pour vos anniversaires,pièces montées pour anniversaire,lyhs4mibhVZJQnmsWKgmmulgZXv2,2023-09-21 15:02:39.952000+00:00,JnzHTPdXIKHZfSHEBZi2,Affiche,100000,lZU5WBNVVX19bjtI8pP7
https://firebasestorage.googleapis.com/v0/b/dhoola-4b710.appspot.com/o/services%2FServiceslf9vBjip8o0HHco2XgXO.jpg?alt=media&token=206d76f6-ce78-4fde-bc1a-e515d6990b25,fNm6RTc6SfFtjJ73hnTx,2023-06-14 12:53:07.924000+00:00,Salons d'esthétique,Extension de cils selon le remplissage avec lentille,extension de cils,G4uE8F24qFbzbckOuVFng9NtCCK2,2023-09-21 16:27:54.675000+00:00,RF0Gh7aSA6hQiQ4ltqoX,Affiche,20000,lf9vBjip8o0HHco2XgXO
,R3XawjusHQ57Mla9yIcm,2023-04-04 12:35:28.433000+00:00,Tout dans l'événementiel,faites plaisir à vos proches avec des paquets surprises,paquets surprises,lyhs4mibhVZJQnmsWKgmmulgZXv2,2024-06-03 17:28:16.243000+00:00,KZyZa9pEBuGrFOp4Vweq,Affiche,100000,ltdwiBTkSCjUOs5s762A
https://firebasestorage.googleapis.com/v0/b/dhoola-4b710.appspot.com/o/services%2FServicesm8IBYdedbBcclhYSVjIv.jpg?alt=media&token=c6ee77cd-c9f0-4338-8b7f-8373537cacbc,tT8yKDzWw4zoQtl2g6gm,2024-05-19 00:22:12.958000+00:00,SERVICES DIVERS,"Argent925-rhodié 
Vraies Perles_de_culture 
Ne change pas",Parure Danica,uXnnBb0D5yZiOrroCy3JCZ6FxPR2,2024-05-19 00:25:39.819000+00:00,3wdruIJ01ALCZxosRmpU,Affiche,36000,m8IBYdedbBcclhYSVjIv
,fNm6RTc6SfFtjJ73hnTx,2024-05-24 07:35:11.610000+00:00,Salons d'esthétique,gommage classique,soins corporels,4OU8k1M6xDaTwc4nbaCoRBE96wt1,2024-05-24 07:35:11.956000+00:00,RF0Gh7aSA6hQiQ4ltqoX,Affiche,10000,mOWCxPnjVzRvcMwG3288
,fNm6RTc6SfFtjJ73hnTx,2024-05-24 07:48:15.005000+00:00,Salons d'esthétique,épilation au fil,regard,4OU8k1M6xDaTwc4nbaCoRBE96wt1,2024-05-24 07:48:16.567000+00:00,RF0Gh7aSA6hQiQ4ltqoX,Affiche,5000,mU24EbQjjEWzXiKjoS3s
https://firebasestorage.googleapis.com/v0/b/dhoola-4b710.appspot.com/o/services%2FServicesmW1FdDT9NHYUCX4LziL6.jpg?alt=media&token=9c10cd48-f2ac-42db-a326-59bab602746e,tT8yKDzWw4zoQtl2g6gm,2024-05-19 00:40:36.292000+00:00,SERVICES DIVERS,"Vraies perles_de_culture 
Argent925-rhodié 
Ne Change pas ",Parure Lightly,uXnnBb0D5yZiOrroCy3JCZ6FxPR2,2024-05-19 00:45:55.808000+00:00,3wdruIJ01ALCZxosRmpU,Affiche,30000,mW1FdDT9NHYUCX4LziL6
https://firebasestorage.googleapis.com/v0/b/dhoola-4b710.appspot.com/o/services%2FServicesmisMNGWur2BwNEDmqWiy.jpg?alt=media&token=836cd81f-8cc1-4e95-8d76-129ca1bb88c5,tT8yKDzWw4zoQtl2g6gm,2024-05-18 23:44:42.847000+00:00,SERVICES DIVERS,"Pour Fillettes 
Argent925-rhodié 
CubicZirconia 
N'irrite pa",Boucles d'oreilles Ballerina,uXnnBb0D5yZiOrroCy3JCZ6FxPR2,2024-06-02 19:04:24.358000+00:00,3wdruIJ01ALCZxosRmpU,Affiche,10000,misMNGWur2BwNEDmqWiy
https://firebasestorage.googleapis.com/v0/b/dhoola-4b710.appspot.com/o/services%2FServicesn5PxYzTMOwVwJsFgrKBm.jpg?alt=media&token=597d4c73-29a1-4177-90e9-1e4bd765be5d,H1rNSqdq9p7Ptonzir0W,2023-10-20 19:02:34.239000+00:00,Alimentaire,mbongo'o de varan accompagné de plantain manioc ou macabo,mbongo'o de varan,xZDi4UFLHvY6uriFTcJL3UVHtb23,2023-10-20 19:03:24.512000+00:00,YJPGNNffL2VFqwmdoFFG,Affiche,2500,n5PxYzTMOwVwJsFgrKBm
,fNm6RTc6SfFtjJ73hnTx,2024-05-24 07:39:52.795000+00:00,Salons d'esthétique,extension cils à cils,le regard,4OU8k1M6xDaTwc4nbaCoRBE96wt1,2024-05-24 07:39:53.129000+00:00,RF0Gh7aSA6hQiQ4ltqoX,Affiche,20000,n5TubjmxE08ismidr1ul
https://firebasestorage.googleapis.com/v0/b/dhoola-4b710.appspot.com/o/services%2FServicesnj5IlEEXQBewpgyDkVgk.jpg?alt=media&token=ed158f86-3d32-43ec-9cc1-b700f28c8d56,tT8yKDzWw4zoQtl2g6gm,2023-10-11 08:54:05.139000+00:00,INFO-COM,Conseil sur l'établissement d'un site internet,Conseil Webpage,Tlrhkqe7OcYuLE8Zr3wZ7WSTTnj1,2024-01-16 19:48:56.006000+00:00,I6AWdAj1WnDyzCVW312E,Affiche,1200,nj5IlEEXQBewpgyDkVgk
https://firebasestorage.googleapis.com/v0/b/dhoola-4b710.appspot.com/o/services%2FServicesnjwApzT0unRR87kiuUE6.jpg?alt=media&token=17fbcb4c-d191-4aef-bb5c-ea553a1428e1,H1rNSqdq9p7Ptonzir0W,2023-10-13 17:28:56.971000+00:00,ALIMENTAIRE,Savon azur 400g*60,Savon,dOejW7bfDveOviZE3toZ1V9iBND2,2023-10-13 17:31:42.649000+00:00,YJPGNNffL2VFqwmdoFFG,Affiche,20500,njwApzT0unRR87kiuUE6
https://firebasestorage.googleapis.com/v0/b/dhoola-4b710.appspot.com/o/services%2FServiceso5CMPrNDBM5382OwFErB.jpg?alt=media&token=d3856d62-76ad-4837-8145-a340519d572d,tT8yKDzWw4zoQtl2g6gm,2024-05-19 00:33:02.512000+00:00,SERVICES DIVERS,"Vraies perles_de_culture 
Argent925-rhodié(fermoir)",Parure Lady,uXnnBb0D5yZiOrroCy3JCZ6FxPR2,2024-05-19 00:35:37.363000+00:00,3wdruIJ01ALCZxosRmpU,Affiche,50000,o5CMPrNDBM5382OwFErB
https://firebasestorage.googleapis.com/v0/b/dhoola-4b710.appspot.com/o/services%2FServicespYs08F94FCpwH26EuXdV.jpg?alt=media&token=4e234dbb-e837-4b71-98d0-6cebab1aa23b,fNm6RTc6SfFtjJ73hnTx,2023-06-14 12:50:07.709000+00:00,Salons d'esthétique,prestations de maquillage mariés avec cils au choix,Prestations de maquillage mariés,G4uE8F24qFbzbckOuVFng9NtCCK2,2023-09-21 16:27:54.675000+00:00,RF0Gh7aSA6hQiQ4ltqoX,Affiche,40000,pYs08F94FCpwH26EuXdV
https://firebasestorage.googleapis.com/v0/b/dhoola-4b710.appspot.com/o/services%2FServicesppTAGMo9ZOvsBcebA4JF.jpg?alt=media&token=d6333faf-128b-4fe0-bd04-5b9e4c5309c9,R3XawjusHQ57Mla9yIcm,2023-04-03 21:23:21.882000+00:00,Tout dans l'événementiel,Confection de panier surprise à offrir à une personne chere😍,cadeaux surprises,k9HoA4ybFbWY7pKjPBr64ynQhMn2,2024-06-03 17:28:16.244000+00:00,KZyZa9pEBuGrFOp4Vweq,Affiche,25000,ppTAGMo9ZOvsBcebA4JF
https://firebasestorage.googleapis.com/v0/b/dhoola-4b710.appspot.com/o/services%2FServicesq7LpHMI2rx84emrZHs6O.jpg?alt=media&token=ae0437d0-e06e-4e9c-8915-6ad95742417e,NMm07ka3XBMO7S0N6T7y,2024-04-24 14:11:12.860000+00:00,AMEUBLEMENT,Conceptions realisations décoration de vos meubles intérieur,cuisine américaines,MlgTbtQKnYRhNuyouktWCER8hpC3,2024-04-24 14:27:48.140000+00:00,xrIvvNLPdmEa5LGyevNf,Affiche,500000,q7LpHMI2rx84emrZHs6O
,NMm07ka3XBMO7S0N6T7y,2023-05-15 20:06:05.732000+00:00,Architectes,études architecturales et techniques (conception et suivi),cabinet d'architecture,4uRghEa0SiYGdaoZatz2ryKEevs1,2023-09-21 16:16:14.122000+00:00,m9efa6bdwh24az6SlL9K,Affiche,0,q9L1EDaiMxGZVs9bC2FM
,R3XawjusHQ57Mla9yIcm,2023-12-06 15:47:40.261000+00:00,SERVICES TRAITEURS,(100pces*2500) Marmites chauffantes,Marmites chauffantes,9WrnILEzSLhu8iMmoMQxhkBhTDd2,2023-12-06 15:50:07.453000+00:00,JnzHTPdXIKHZfSHEBZi2,Affiche,250000,qEQhk8dCPOlEaSHKvcDn
,fNm6RTc6SfFtjJ73hnTx,2023-04-24 11:07:37.797000+00:00,Salons d'esthétique,"Bain de vapeur chaud, humide qui nettoie et purifie la peau ",Hammam,QngL02SxlmNaCVZS1677HBg6lEX2,2023-09-21 16:27:54.675000+00:00,RF0Gh7aSA6hQiQ4ltqoX,Affiche,10000,qFE8DIoKTvKJFX5PWw2C
,fNm6RTc6SfFtjJ73hnTx,2024-05-24 07:35:46.435000+00:00,Salons d'esthétique,gommage éclat,soins corporels,4OU8k1M6xDaTwc4nbaCoRBE96wt1,2024-05-24 07:35:46.773000+00:00,RF0Gh7aSA6hQiQ4ltqoX,Affiche,15000,qG1LiW1xTEhlvakND3xw
,fNm6RTc6SfFtjJ73hnTx,2024-05-24 07:52:49.041000+00:00,Salons d'esthétique,option masque papier,soins visage,4OU8k1M6xDaTwc4nbaCoRBE96wt1,2024-05-24 07:52:49.854000+00:00,RF0Gh7aSA6hQiQ4ltqoX,Affiche,2500,qKCDIX6Hin3sL0NifYMt
,eOl1l1Abvz8xoq5ABwtt,2023-10-07 12:59:34.622000+00:00,Médecins & Dentistes,Circoncision chirurgicale chez les enfants,Circoncision,5RcdNmpvhHNW1y5jWT4lARWvMvA2,2023-10-07 12:59:35.282000+00:00,C3frxp2RDJ2quWKc9mqN,Affiche,20000,qKMNXK4qGUDk7PCyQdqM
https://firebasestorage.googleapis.com/v0/b/dhoola-4b710.appspot.com/o/services%2FServicesr5rZhZgJDpvhKouQKcnj.jpg?alt=media&token=3fbffbd3-cad3-424b-9297-50e9ce1d352c,tT8yKDzWw4zoQtl2g6gm,2024-01-26 12:45:07.732000+00:00,SERVICES DIVERS,"GARDE D'ENFANTS
(8 heures de garde)",SERVICE A LA PERSONNE,l49kJrXNLwUnd6iMMXHwhL9RxY43,2024-01-28 20:25:02.680000+00:00,3wdruIJ01ALCZxosRmpU,Affiche,5000,r5rZhZgJDpvhKouQKcnj
https://firebasestorage.googleapis.com/v0/b/dhoola-4b710.appspot.com/o/services%2FServicesrNbyuXow6oYhLobHpcLY.jpg?alt=media&token=5cd97d5d-090b-4e3d-873d-42184036164b,eOl1l1Abvz8xoq5ABwtt,2024-02-19 18:33:03.073000+00:00,CLINIQUES,Soins à domicile et suivi médical hebdomadaire,MedAssist 2,ydHIOCbDC8fn6aPwEVqszjXHSRk2,2024-02-19 18:34:52.632000+00:00,jWwIcd1tNfkAaJo62njO,Affiche,1300000,rNbyuXow6oYhLobHpcLY
,NMm07ka3XBMO7S0N6T7y,2024-02-09 13:53:53.296000+00:00,Architectes,Élaboration de plans de gestion du chantier,Gestion du changement,a2fgrRlUmdUpM7Y45ApUrvjnpTk2,2024-02-09 13:53:53.932000+00:00,m9efa6bdwh24az6SlL9K,Affiche,500000,rs7br2KlyZ3NgQgZNcQg
,tT8yKDzWw4zoQtl2g6gm,2024-02-06 09:13:32.677000+00:00,Services divers,Livraison dans la ville de Douala,Livraison à Douala,TFCnSLH5dVabxpq36iEALmmsVgn1,2024-02-06 09:13:32.872000+00:00,3wdruIJ01ALCZxosRmpU,Affiche,2500,rycZKqCuvCsaRvbiU3E9
https://firebasestorage.googleapis.com/v0/b/dhoola-4b710.appspot.com/o/services%2FServicesrypF3iXH2DoylwD6SXF3.jpg?alt=media&token=ce71504e-99f3-4d45-b3e4-6b809b5f0f98,tT8yKDzWw4zoQtl2g6gm,2024-04-01 18:05:41.655000+00:00,INFO-COM,Creation de templates,Réseaux sociaux,tFpgYukxk8bwyCJx1ZcLLLmD0252,2024-04-15 14:53:37.158000+00:00,I6AWdAj1WnDyzCVW312E,Affiche,30000,rypF3iXH2DoylwD6SXF3
,fNm6RTc6SfFtjJ73hnTx,2024-05-24 07:43:04.926000+00:00,Salons d'esthétique,make up mariées,regard,4OU8k1M6xDaTwc4nbaCoRBE96wt1,2024-05-24 07:43:05.255000+00:00,RF0Gh7aSA6hQiQ4ltqoX,Affiche,35000,sFlODbMTzGkK1aM9DFEw
,tT8yKDzWw4zoQtl2g6gm,2023-10-18 19:10:01.528000+00:00,Info-Com,"devis, installation et maintenance des vidéosurveillance: 4 ",vidéosurveillance,rXSW1kty8qZut1g4Mi0kMoFS6mu2,2023-10-18 19:10:02.084000+00:00,I6AWdAj1WnDyzCVW312E,Affiche,230000,sUCsp8M7kVeoEDv1Zg2h
https://firebasestorage.googleapis.com/v0/b/dhoola-4b710.appspot.com/o/services%2FServicessapUuPm9s523LwIswze2.jpg?alt=media&token=c78f194e-978d-4fd4-a489-2d2fa72f9d9d,tT8yKDzWw4zoQtl2g6gm,2024-05-19 00:14:58.665000+00:00,SERVICES DIVERS,"Pour Fillettes 
Argent925-rhodié 
Ne change pas 
N'irrite pa",Parure Ballerina,uXnnBb0D5yZiOrroCy3JCZ6FxPR2,2024-05-19 00:17:26.688000+00:00,3wdruIJ01ALCZxosRmpU,Affiche,20000,sapUuPm9s523LwIswze2
https://firebasestorage.googleapis.com/v0/b/dhoola-4b710.appspot.com/o/services%2FServicestdoxavztYMCCs9FKrDSj.jpg?alt=media&token=a603e341-6d6f-4b75-8279-5f34afd6e6cc,tT8yKDzWw4zoQtl2g6gm,2024-05-19 00:03:42.560000+00:00,SERVICES DIVERS,"Pour Fillettes 
Argent925-rhodié 
Enamel ",Parure Culby,uXnnBb0D5yZiOrroCy3JCZ6FxPR2,2024-05-19 00:23:20.539000+00:00,3wdruIJ01ALCZxosRmpU,Affiche,22000,tdoxavztYMCCs9FKrDSj
,fNm6RTc6SfFtjJ73hnTx,2023-04-10 19:35:14.891000+00:00,Salons d'esthétique,une crème qui vous donnes les formes de vos rêves,crème de formes,utuqLNy1UuZLgy5eK33EeFqk4Fb2,2023-09-21 16:27:54.675000+00:00,RF0Gh7aSA6hQiQ4ltqoX,Affiche,10000,uNM8m4ilmOfr5anp3Ofc
https://firebasestorage.googleapis.com/v0/b/dhoola-4b710.appspot.com/o/services%2FServicesujhE8fmJpNtMrQqUCgHq.jpg?alt=media&token=ede0ef6d-fb50-4bf8-a594-904b498b3fc2,tT8yKDzWw4zoQtl2g6gm,2024-05-18 23:52:27.214000+00:00,SERVICES DIVERS,"Pour Fillettes
Argent925-rhodié 
Enamel ",Parure Smileys,uXnnBb0D5yZiOrroCy3JCZ6FxPR2,2024-05-18 23:54:44.267000+00:00,3wdruIJ01ALCZxosRmpU,Affiche,16000,ujhE8fmJpNtMrQqUCgHq
,uYQhDPTqxbOSjzxNOimn,2023-09-08 19:06:42.912000+00:00,Avocats & Notaires,gestion des contentieux et procédures immobilières,prestations juridiques,mqSdXpFoNQPFGrb9uCjznhBEf3Z2,2023-09-21 17:02:33.075000+00:00,wRknLouXo7dk7IMavsQ8,Affiche,500000,v5IXWg3X5IiCwWelOAPz
,fNm6RTc6SfFtjJ73hnTx,2023-04-24 11:15:27.048000+00:00,Salons d'esthétique,"Soin permettant de détendre les os, améliorer le bien être","Massage (relaxant, pierres chaudes...)",QngL02SxlmNaCVZS1677HBg6lEX2,2023-09-21 16:27:54.675000+00:00,RF0Gh7aSA6hQiQ4ltqoX,Affiche,15000,vWdqChIiCr8egnzfBthA
https://firebasestorage.googleapis.com/v0/b/dhoola-4b710.appspot.com/o/services%2FServicesvZCZueVnEuXlqD5kolrT.jpg?alt=media&token=e596a604-cd09-47a3-aa97-925a29147099,tT8yKDzWw4zoQtl2g6gm,2024-05-18 23:48:41.698000+00:00,SERVICES DIVERS,"Pour Fillettes
Argent925-rhodié 
Enamel ",Parure Princia,uXnnBb0D5yZiOrroCy3JCZ6FxPR2,2024-05-18 23:52:26.259000+00:00,3wdruIJ01ALCZxosRmpU,Affiche,16000,vZCZueVnEuXlqD5kolrT
,R3XawjusHQ57Mla9yIcm,2023-04-04 12:32:11.334000+00:00,Services traiteurs,gâteaux délicieux pour nos amours,anniversaire,lyhs4mibhVZJQnmsWKgmmulgZXv2,2023-09-21 15:02:39.953000+00:00,JnzHTPdXIKHZfSHEBZi2,Affiche,30000,vwgwb3hsUrry6SkSMWkR
,fNm6RTc6SfFtjJ73hnTx,2023-04-24 11:09:23.396000+00:00,Salons d'esthétique,Soin permettant de débarrasser la peau de ses impuretés,Gommage,QngL02SxlmNaCVZS1677HBg6lEX2,2023-09-21 16:27:54.675000+00:00,RF0Gh7aSA6hQiQ4ltqoX,Affiche,10000,vybtwYMr7sIJU8evU8RV
https://firebasestorage.googleapis.com/v0/b/dhoola-4b710.appspot.com/o/services%2FServiceswGGaOyGBd12Xw5P79bcT.jpg?alt=media&token=aec8a025-59f8-427a-b6ee-fcb5a31b8c3a,fNm6RTc6SfFtjJ73hnTx,2023-06-14 12:57:36.476000+00:00,Salons de coiffure,Coiffure avec déplacement possible,coiffure,G4uE8F24qFbzbckOuVFng9NtCCK2,2023-09-21 16:41:08.772000+00:00,6rpkh8W5T2XyNQbvuCPd,Affiche,5000,wGGaOyGBd12Xw5P79bcT
https://firebasestorage.googleapis.com/v0/b/dhoola-4b710.appspot.com/o/services%2FServiceswJ7MIqTXWFEQQjowN9IX.jpg?alt=media&token=b40b3c93-49a5-4d70-8587-00ffed5da4a8,NMm07ka3XBMO7S0N6T7y,2023-11-14 13:28:07.238000+00:00,AMEUBLEMENT,chambre entièrement équipée (la journée),chambre américaine,Ufbq6uDgbrh1edZcb3VJHY7nIo62,2023-11-14 16:26:11.403000+00:00,xrIvvNLPdmEa5LGyevNf,Affiche,40000,wJ7MIqTXWFEQQjowN9IX
https://firebasestorage.googleapis.com/v0/b/dhoola-4b710.appspot.com/o/services%2FServiceswUAPAznssEZfoBgBKQqo.jpg?alt=media&token=bd670a28-655d-4fca-8916-3ae7e4819140,tT8yKDzWw4zoQtl2g6gm,2024-05-18 23:55:01.612000+00:00,SERVICES DIVERS,"Pour Fillettes
Argent925-rhodié 
Enamel ",Bracelet Candy,uXnnBb0D5yZiOrroCy3JCZ6FxPR2,2024-05-18 23:58:46.992000+00:00,3wdruIJ01ALCZxosRmpU,Affiche,18000,wUAPAznssEZfoBgBKQqo
,eOl1l1Abvz8xoq5ABwtt,2023-11-11 11:43:03.065000+00:00,Médecins & Dentistes,"consultation, examen et évaluation à domicile ",consultation médicale a domiclle,8csk9oamgnRpOQOjvntjGabvwNh1,2023-11-11 11:43:03.630000+00:00,C3frxp2RDJ2quWKc9mqN,Affiche,15000,wrWQsYzI97PTaps1EG04
https://firebasestorage.googleapis.com/v0/b/dhoola-4b710.appspot.com/o/services%2FServicesx4mF7QJ7OTv4UKcBUthZ.jpg?alt=media&token=1fb8614c-ee2b-40d1-a064-c659d0544785,tT8yKDzWw4zoQtl2g6gm,2024-05-18 23:24:03.694000+00:00,SERVICES DIVERS,"Argent925-rhodié 
CubicZirconia 
Ne change pas
Durable",Collier Crystal,uXnnBb0D5yZiOrroCy3JCZ6FxPR2,2024-05-18 23:27:34.227000+00:00,3wdruIJ01ALCZxosRmpU,Affiche,19000,x4mF7QJ7OTv4UKcBUthZ
,H1rNSqdq9p7Ptonzir0W,2023-10-10 17:03:10.364000+00:00,Alimentaire,Bon d'achat d'une valeur de 20000 francs / Non remboursable,Bon d'achat,L2k6Q8chTrMpp4zuSDZuDP5EQmU2,2023-10-10 17:03:15.747000+00:00,YJPGNNffL2VFqwmdoFFG,Affiche,20000,xHhLPuztDjAy9IangCNh
,R3XawjusHQ57Mla9yIcm,2023-12-01 16:51:48.307000+00:00,Services traiteurs,"cuisine pour tout type d'événement,mariage,baptême:100 plats",cuisine,uWDbQDOp85MEL1kpVlLaxrwjFbc2,2023-12-01 16:51:48.889000+00:00,JnzHTPdXIKHZfSHEBZi2,Affiche,1000000,xXOWqQnheF59lQlUGGnm
,fNm6RTc6SfFtjJ73hnTx,2023-04-24 11:17:28.448000+00:00,Salons d'esthétique,Soin permettant de nettoyer et embellir les mains,Manucure,QngL02SxlmNaCVZS1677HBg6lEX2,2023-09-21 16:27:54.676000+00:00,RF0Gh7aSA6hQiQ4ltqoX,Affiche,5000,y0RMjGKGrl5vVrX7PSc3
,H1rNSqdq9p7Ptonzir0W,2024-06-10 13:42:24.364000+00:00,Alimentaire,"Gingembre Moulu
- 100% pure
-  Assaisonnement et en tisane 
",Mary spices: Ginger/ Gingembre moulu,11gwRhxyjDXP8bToBSnEbAXzfR62,2024-06-10 13:42:33.919000+00:00,YJPGNNffL2VFqwmdoFFG,Affiche,1000,yfe1ZVdZK2IsS329PW8S
https://firebasestorage.googleapis.com/v0/b/dhoola-4b710.appspot.com/o/services%2FServicesyiUxyQKdZjrnz6M2FYsA.jpg?alt=media&token=4291b2c1-f101-4d31-ab64-1429b4293cc1,R3XawjusHQ57Mla9yIcm,2023-06-06 20:50:50.054000+00:00,Tout dans l'événementiel,location journalière dans la ville et hors ville avec chauff,location Prado,MqOc124jRTc4TXYOfHlEbTreCSa2,2024-06-03 17:28:16.244000+00:00,KZyZa9pEBuGrFOp4Vweq,Affiche,100000,yiUxyQKdZjrnz6M2FYsA
,NMm07ka3XBMO7S0N6T7y,2024-03-05 19:42:41.647000+00:00,AMEUBLEMENT,"Conception
Réalisation 
Conseils
",Décoration d'intérieur,YonCMibRxZa6KyexHXnT1aVhx5h2,2024-03-05 19:43:48.105000+00:00,xrIvvNLPdmEa5LGyevNf,Affiche,50000,yrSWXXMaDGmo7bJXGjdp
,tT8yKDzWw4zoQtl2g6gm,2023-10-26 09:32:20.215000+00:00,Info-Com,tecno SPARK 10,tecno spark 10,yJWMRBofrxPmtu0WSRzyfHNoQ5b2,2023-10-26 09:32:20.914000+00:00,I6AWdAj1WnDyzCVW312E,Affiche,120000,z0mL6DwCiuQ5fJvTqrIQ
https://firebasestorage.googleapis.com/v0/b/dhoola-4b710.appspot.com/o/services%2FServicesz1WmuUHIKaPM6wHKsGod.jpg?alt=media&token=f7d4067c-7593-4d9b-940c-34c1076c7b6c,tT8yKDzWw4zoQtl2g6gm,2023-11-09 16:55:25.798000+00:00,INFO-COM,achat + flocage (10 pièces) : t-shirt,serigraphie,rggiInctWOZuwxgmVmSPfLc1nx93,2023-11-09 17:00:14.177000+00:00,I6AWdAj1WnDyzCVW312E,Affiche,30000,z1WmuUHIKaPM6wHKsGod
,fNm6RTc6SfFtjJ73hnTx,2024-05-24 07:26:53.674000+00:00,SALONS D'ESTHÉTIQUE,micro dermabrasion,soins visage et corps,4OU8k1M6xDaTwc4nbaCoRBE96wt1,2024-05-24 07:28:14.247000+00:00,RF0Gh7aSA6hQiQ4ltqoX,Affiche,30000,z7tiQ5IrW9jC32BiGPfM
,R3XawjusHQ57Mla9yIcm,2023-06-01 14:23:04.731000+00:00,Tout dans l'événementiel," spot, interview, reportage ",couverture vidéo,OiO8Jefyu6XfPJwYNRMpqVea1A03,2024-06-03 17:28:16.244000+00:00,KZyZa9pEBuGrFOp4Vweq,Affiche,100000,zCIEn4V9EQ6D9GO4GL95
https://firebasestorage.googleapis.com/v0/b/dhoola-4b710.appspot.com/o/services%2FServiceszERK14QPfcn3xdSTNj6F.jpg?alt=media&token=8d305ec2-a162-4c63-abc3-a166c982f3b6,eOl1l1Abvz8xoq5ABwtt,2023-09-22 17:51:57.606000+00:00,MÉDECINS & DENTISTES,Couronne dentaire en métal,PROTHÈSE FIXÉE,bKqHDmwn88ZRIWJfIBrzjllY6FP2,2023-09-22 18:46:51.299000+00:00,C3frxp2RDJ2quWKc9mqN,Affiche,200000,zERK14QPfcn3xdSTNj6F
https://firebasestorage.googleapis.com/v0/b/dhoola-4b710.appspot.com/o/services%2FServiceszk8emxQrZ1W6vYfrFNzl.jpg?alt=media&token=afd5ddd9-d97e-4029-b321-164f6fea1ea9,tT8yKDzWw4zoQtl2g6gm,2024-01-26 12:38:31.980000+00:00,SERVICES DIVERS,"VAISSELLE
Pour 100 Pers.",SERVICES ÉVÉNEMENTIELS,l49kJrXNLwUnd6iMMXHwhL9RxY43,2024-01-28 20:51:32.310000+00:00,3wdruIJ01ALCZxosRmpU,Affiche,15000,zk8emxQrZ1W6vYfrFNzl
